,volume,cpu,gpu,weigth,storage,popularity,sellers_amount,screen_size,memory_size,battery_size,blue,price
0,142275.0,148.0,585.0,263.0,512.0,422,36,5.0,8.0,2000.0,5.0,1690.0
1,142275.0,148.0,585.0,263.0,512.0,323,36,5.0,16.0,2000.0,5.0,1803.0
2,129698.0,,840.0,271.0,,299,36,5.0,16.0,2000.0,5.2,1803.0
3,129698.0,,840.0,271.0,,287,36,5.0,16.0,2000.0,5.2,1803.0
4,140736.0,161.0,670.0,282.0,,1047,10,5.71,16.0,3000.0,5.0,1999.0
5,236896.0,67.0,900.0,364.0,64.0,71,2,5.8,64.0,3400.0,4.1,10865.0
6,236896.0,67.0,900.0,364.0,64.0,424,2,6.21,32.0,3400.0,4.1,3999.0
7,228062.0,,646.0,360.0,16.0,134,6,6.21,64.0,3400.0,4.0,4973.0
8,228062.0,,646.0,360.0,16.0,477,3,6.21,128.0,3400.0,4.0,5100.0
9,237856.0,5.0,450.0,321.0,16.0,215,8,6.21,64.0,3400.0,4.0,4948.0
10,288348.0,48.0,650.0,460.0,,179,8,6.21,64.0,3400.0,5.1,4948.0
11,288348.0,48.0,650.0,460.0,,437,7,6.21,64.0,3400.0,5.1,5165.0
12,288348.0,48.0,650.0,460.0,,18,28,1.77,0.004,800.0,5.1,583.0
13,340599.0,43.0,750.0,539.0,256.0,262,31,1.77,,800.0,5.0,601.0
14,340599.0,43.0,750.0,539.0,256.0,274,31,1.77,,800.0,5.0,601.0
15,340599.0,43.0,750.0,539.0,256.0,507,2,1.8,0.004,800.0,5.0,552.0
16,420210.0,5.0,500.0,604.0,16.0,805,31,1.77,,800.0,4.0,536.0
17,420210.0,5.0,500.0,604.0,16.0,692,35,1.77,,800.0,4.0,547.0
18,420210.0,5.0,500.0,604.0,16.0,460,5,1.8,0.004,800.0,4.0,663.0
19,420210.0,5.0,500.0,604.0,16.0,455,5,1.8,0.004,800.0,4.0,663.0
20,420210.0,5.0,500.0,604.0,16.0,378,2,1.8,0.004,800.0,4.0,474.0
21,420210.0,5.0,500.0,604.0,16.0,59,1,1.8,0.004,800.0,4.0,499.0
22,420210.0,5.0,500.0,604.0,16.0,838,35,1.8,,800.0,4.0,596.0
23,420210.0,5.0,500.0,604.0,16.0,841,35,1.8,,800.0,4.0,596.0
24,420210.0,5.0,500.0,604.0,16.0,532,2,6.21,128.0,3400.0,4.0,5499.0
25,420210.0,5.0,500.0,604.0,16.0,444,2,6.21,128.0,3400.0,4.0,5499.0
26,420210.0,5.0,500.0,604.0,16.0,471,34,1.77,,800.0,4.0,710.0
27,420210.0,5.0,500.0,604.0,16.0,248,36,1.77,,800.0,4.0,702.0
28,420210.0,5.0,500.0,604.0,16.0,807,50,2.4,,1020.0,4.0,992.0
29,420210.0,5.0,500.0,604.0,16.0,490,1,5.45,128.0,3000.0,4.0,6584.0
30,420210.0,5.0,500.0,604.0,16.0,166,3,5.45,64.0,3000.0,4.0,5272.0
31,420210.0,5.0,500.0,604.0,16.0,125,3,5.45,64.0,3000.0,4.0,5272.0
32,420210.0,5.0,500.0,604.0,16.0,116,3,5.45,64.0,3000.0,4.0,5272.0
33,522587.0,43.0,750.0,756.0,128.0,666,1,5.95,64.0,3500.0,5.0,5328.0
34,522587.0,43.0,750.0,756.0,128.0,415,1,5.95,64.0,3500.0,5.0,5328.0
35,348829.0,63.0,,555.0,,405,1,5.95,64.0,3500.0,5.1,5328.0
36,334530.0,72.0,1114.0,520.0,128.0,920,61,2.4,,1020.0,5.1,1180.0
37,334530.0,72.0,1114.0,520.0,128.0,543,39,2.4,,1020.0,5.1,1190.0
38,300532.0,,818.0,597.0,,835,39,2.4,,1020.0,5.2,1196.0
39,300532.0,,818.0,597.0,,645,12,2.4,,1020.0,5.2,1090.0
40,343935.0,76.0,950.0,628.0,,1111,11,6.0,128.0,3100.0,5.3,5926.0
41,84309.0,,,74.0,,1144,19,6.0,64.0,3100.0,,5231.0
42,84309.0,,,74.0,,663,2,6.0,128.0,3100.0,,5649.0
43,84309.0,,,74.0,,900,11,6.2,128.0,4000.0,,7229.0
44,84309.0,,,74.0,,1063,9,6.0,64.0,3010.0,,7776.0
45,84309.0,,,74.0,,195,4,5.5,16.0,3000.0,,2399.0
46,84309.0,,,74.0,,616,31,5.5,16.0,3000.0,,2408.0
47,84309.0,,,74.0,,629,38,6.22,32.0,4000.0,,3249.0
48,77434.0,7.0,550.0,110.0,64.0,790,35,6.22,128.0,4000.0,4.1,3877.0
49,77434.0,7.0,550.0,110.0,64.0,793,35,6.22,128.0,4000.0,4.1,3877.0
50,77434.0,7.0,550.0,110.0,64.0,1052,1,5.71,16.0,3000.0,4.1,2299.0
51,77434.0,7.0,550.0,110.0,64.0,870,2,6.2,32.0,4000.0,4.1,2799.0
52,77434.0,7.0,550.0,110.0,64.0,1031,17,6.5,32.0,4500.0,4.1,3162.0
53,77434.0,7.0,550.0,110.0,64.0,823,1,6.26,128.0,3750.0,4.1,9999.0
54,77434.0,7.0,550.0,110.0,64.0,538,26,2.4,,970.0,4.1,655.0
55,79227.0,,,70.0,,527,26,2.4,,970.0,,655.0
56,79227.0,,,70.0,,193,27,2.4,,970.0,,654.0
57,79968.0,,,81.0,,545,23,2.4,,970.0,3.0,864.0
58,79968.0,,,81.0,,475,25,2.4,,970.0,3.0,900.0
59,79968.0,,,81.0,,585,33,2.4,,970.0,3.0,898.0
60,79968.0,,,81.0,,464,20,2.4,0.016,1020.0,3.0,1153.0
61,79968.0,,,81.0,,65,33,2.8,0.016,1200.0,3.0,1864.0
62,79968.0,,,81.0,,860,54,2.8,0.016,1200.0,3.0,1847.0
63,79968.0,,,81.0,,883,26,2.8,4.0,1500.0,3.0,2530.0
64,79968.0,,,81.0,,721,35,2.8,4.0,1500.0,3.0,2567.0
65,79968.0,,,81.0,,719,35,2.8,4.0,1500.0,3.0,2567.0
66,79968.0,,,81.0,,103,1,6.3,128.0,4045.0,3.0,7068.0
67,79968.0,,,81.0,,128,1,6.3,128.0,4045.0,3.0,7068.0
68,79968.0,,,81.0,,1132,24,6.39,64.0,4000.0,3.0,3899.0
69,79968.0,,,81.0,,235,9,5.5,128.0,3400.0,3.0,6991.0
70,79968.0,,,81.0,,188,9,5.5,128.0,3400.0,3.0,6991.0
71,79968.0,,,81.0,,921,10,5.5,64.0,3400.0,3.0,5856.0
72,79968.0,,,81.0,,194,1,6.52,64.0,4000.0,3.0,3590.0
73,79968.0,,,81.0,,190,1,4.0,8.0,1300.0,3.0,840.0
74,79968.0,,,81.0,,224,1,4.0,8.0,1300.0,3.0,840.0
75,79968.0,,,81.0,,280,1,6.5,128.0,5000.0,3.0,5757.0
76,79968.0,,,81.0,,337,1,5.5,64.0,3300.0,3.0,7333.0
77,79968.0,,,81.0,,234,1,5.5,64.0,3300.0,3.0,7333.0
78,79968.0,,,81.0,,38,1,6.3,128.0,4035.0,3.0,8294.0
79,79968.0,,,81.0,,88,1,6.3,128.0,4035.0,3.0,8294.0
80,79968.0,,,81.0,,97,1,6.3,128.0,4035.0,3.0,8294.0
81,79968.0,,,81.0,,1156,42,6.55,64.0,4000.0,3.0,4429.0
82,79968.0,,,81.0,,701,4,6.39,128.0,4000.0,3.0,9323.0
83,79968.0,,,81.0,,888,46,2.4,0.016,1200.0,3.0,1365.0
84,79968.0,,,81.0,,137,2,6.5,64.0,5000.0,3.0,4761.0
85,79968.0,,,81.0,,1139,20,6.5,128.0,4300.0,3.0,5936.0
86,72524.0,,,91.0,,1045,1,6.5,64.0,4300.0,3.0,5299.0
87,72524.0,,,91.0,,309,3,5.5,64.0,3000.0,3.0,6381.0
88,121824.0,2.0,,118.0,4.0,21,1,5.5,64.0,3000.0,4.1,5265.0
89,121824.0,2.0,,118.0,4.0,1118,34,6.5,128.0,4300.0,4.1,6767.0
90,121824.0,2.0,,118.0,4.0,1117,10,6.6,128.0,4300.0,4.1,8045.0
91,102378.0,43.0,1000.0,149.0,128.0,620,2,5.5,32.0,3000.0,5.0,3820.0
92,102378.0,43.0,1000.0,149.0,128.0,798,4,5.5,64.0,3000.0,5.0,3962.0
93,62253.0,2.0,500.0,96.0,8.0,202,1,5.8,64.0,3060.0,4.0,5020.0
94,75966.0,2.0,320.0,128.0,4.0,329,1,6.5,64.0,4300.0,3.0,5777.0
95,75966.0,2.0,320.0,128.0,4.0,291,1,6.5,64.0,4300.0,3.0,5777.0
96,78390.0,5.0,400.0,101.0,8.0,953,5,6.5,128.0,4300.0,4.0,6078.0
97,78390.0,5.0,400.0,101.0,8.0,661,8,6.41,256.0,3700.0,4.0,15625.0
98,160704.0,4.0,400.0,173.0,8.0,989,17,6.5,64.0,5000.0,4.0,4292.0
99,88595.0,5.0,450.0,134.0,8.0,1042,27,6.5,128.0,5000.0,4.2,4946.0
100,88595.0,5.0,450.0,134.0,8.0,158,1,5.2,16.0,3100.0,4.2,2766.0
101,88595.0,5.0,450.0,134.0,8.0,133,1,5.2,16.0,3100.0,4.2,2766.0
102,88595.0,5.0,450.0,134.0,,108,1,5.2,16.0,3100.0,4.2,2766.0
103,113076.0,5.0,550.0,,16.0,570,3,6.5,64.0,5000.0,5.0,6215.0
104,113076.0,5.0,550.0,,16.0,1022,11,6.41,256.0,3700.0,5.0,14443.0
105,113076.0,5.0,550.0,,16.0,375,2,6.0,64.0,3800.0,5.0,7612.0
106,79466.0,4.0,450.0,134.0,8.0,1179,23,6.4,128.0,4500.0,4.0,8584.0
107,97346.0,5.0,600.0,143.0,16.0,1067,11,6.55,256.0,4300.0,4.2,17172.0
108,97346.0,5.0,600.0,143.0,16.0,535,3,5.2,32.0,3000.0,4.2,3613.0
109,82256.0,5.0,450.0,150.0,16.0,693,1,5.2,64.0,3000.0,5.0,3499.0
110,89107.0,63.0,700.0,162.0,64.0,1155,13,6.55,128.0,4300.0,5.0,15840.0
111,81120.0,62.0,546.0,155.0,64.0,626,1,5.3,64.0,3090.0,5.0,6222.0
112,86249.0,88.0,572.0,163.0,,1095,32,6.78,256.0,4510.0,5.0,22587.0
113,86249.0,88.0,572.0,163.0,,1161,23,6.78,128.0,4510.0,5.0,20709.0
114,86249.0,88.0,572.0,163.0,,1055,18,6.81,128.0,4500.0,5.0,19041.0
115,86249.0,88.0,572.0,163.0,,609,37,2.4,4.0,2100.0,5.0,3241.0
116,86249.0,88.0,572.0,163.0,,560,27,2.4,4.0,2100.0,5.0,3216.0
117,86249.0,88.0,572.0,163.0,,383,1,6.09,32.0,3020.0,5.0,3199.0
118,86249.0,88.0,572.0,163.0,,430,2,6.09,64.0,3020.0,5.0,3844.0
119,86249.0,88.0,572.0,163.0,,433,2,6.09,64.0,3020.0,5.0,3844.0
120,83571.0,6.0,570.0,130.0,16.0,767,1,5.7,32.0,3020.0,4.2,2499.0
121,98039.0,5.0,600.0,140.0,8.0,769,1,5.7,32.0,3020.0,4.2,2499.0
122,82811.0,218.0,800.0,163.0,128.0,938,2,6.55,256.0,4500.0,5.0,23999.0
123,82811.0,218.0,800.0,163.0,128.0,1159,29,6.55,256.0,4500.0,5.0,18200.0
124,72520.0,13.0,624.0,139.0,128.0,1157,35,6.55,128.0,4500.0,4.2,16845.0
125,96032.0,5.0,500.0,140.0,16.0,694,2,7.12,64.0,5000.0,4.2,5652.0
126,96032.0,5.0,500.0,140.0,16.0,697,2,7.12,64.0,5000.0,4.2,5652.0
127,78297.0,58.0,650.0,152.0,,303,3,7.12,64.0,5000.0,4.2,5844.0
128,78297.0,58.0,650.0,152.0,,660,5,5.15,64.0,3200.0,4.2,4461.0
129,86299.0,25.0,770.0,141.0,32.0,142,3,5.65,32.0,3000.0,5.0,3491.0
130,86299.0,25.0,770.0,141.0,32.0,342,2,5.84,32.0,3000.0,5.0,3424.0
131,85850.0,5.0,598.0,170.0,32.0,361,2,5.84,32.0,3000.0,4.1,3424.0
132,85850.0,5.0,598.0,170.0,32.0,216,1,5.84,64.0,3000.0,4.1,4009.0
133,82602.0,40.0,820.0,152.0,64.0,180,1,5.84,64.0,3000.0,5.0,4009.0
134,78524.0,196.0,720.0,150.0,,1048,3,6.59,128.0,4000.0,5.0,5599.0
135,78524.0,196.0,720.0,150.0,,83,4,2.4,0.032,2000.0,5.0,817.0
136,97090.0,5.0,500.0,212.0,16.0,384,26,2.4,0.032,2000.0,4.0,834.0
137,97090.0,5.0,500.0,212.0,16.0,440,32,2.4,,2000.0,4.0,805.0
138,82181.0,5.0,598.0,137.0,,2,11,5.7,128.0,4400.0,4.1,5628.0
139,82181.0,5.0,598.0,137.0,,1024,15,6.22,32.0,4230.0,4.1,3520.0
140,82181.0,5.0,598.0,137.0,,705,4,6.22,64.0,4230.0,4.1,3949.0
141,82181.0,5.0,598.0,137.0,,519,2,1.77,0.032,600.0,4.1,214.0
142,69728.0,50.0,772.0,132.0,,172,3,3.2,,1000.0,4.1,599.0
143,105186.0,5.0,450.0,198.0,16.0,208,3,3.2,,1000.0,4.0,599.0
144,105186.0,5.0,450.0,198.0,16.0,221,3,3.2,,1000.0,4.0,599.0
145,105186.0,5.0,450.0,198.0,16.0,11,2,1.77,,1000.0,4.0,399.0
146,105186.0,5.0,450.0,198.0,16.0,411,20,1.77,,600.0,4.0,252.0
147,105186.0,5.0,450.0,198.0,16.0,401,20,1.77,,600.0,4.0,252.0
148,105186.0,5.0,450.0,198.0,16.0,106,20,1.77,,600.0,4.0,252.0
149,85943.0,12.0,700.0,154.0,,131,20,1.77,,600.0,4.2,252.0
150,101274.0,5.0,450.0,159.0,16.0,156,20,1.77,,600.0,4.0,252.0
151,101274.0,5.0,450.0,159.0,16.0,204,1,1.77,0.032,800.0,4.0,279.0
152,81495.0,57.0,625.0,151.0,128.0,295,1,2.4,0.032,1000.0,5.0,359.0
153,101268.0,5.0,450.0,,16.0,334,1,2.4,0.032,1000.0,4.2,359.0
154,98374.0,45.0,650.0,165.0,,63,19,2.4,,800.0,4.2,308.0
155,98374.0,45.0,650.0,165.0,,947,23,2.8,,6000.0,4.2,632.0
156,68745.0,50.0,772.0,138.0,,240,2,5.5,16.0,2500.0,4.1,1852.0
157,95780.0,8.0,660.0,153.0,,243,2,5.5,16.0,2500.0,4.2,1852.0
158,77412.0,3.0,400.0,139.0,,897,18,6.5,64.0,4230.0,4.0,4471.0
159,77412.0,3.0,400.0,139.0,,833,4,6.5,64.0,5000.0,4.0,4773.0
160,77412.0,3.0,400.0,139.0,,617,1,5.0,16.0,2700.0,4.0,1599.0
161,88481.0,42.0,1100.0,172.0,,302,1,5.0,16.0,3200.0,5.0,2199.0
162,88481.0,42.0,1100.0,172.0,,1094,65,6.5,64.0,5000.0,5.0,5448.0
163,88481.0,42.0,1100.0,172.0,,985,19,6.5,128.0,5000.0,5.0,5683.0
164,88481.0,42.0,1100.0,172.0,,1145,66,6.5,64.0,5000.0,5.0,5257.0
165,100332.0,5.0,450.0,183.0,16.0,650,4,5.5,16.0,2650.0,4.2,1599.0
166,100332.0,5.0,450.0,183.0,16.0,478,2,6.2,32.0,4230.0,4.2,3266.0
167,87997.0,8.0,660.0,146.0,32.0,857,42,6.1,16.0,4080.0,4.2,1910.0
168,87997.0,8.0,660.0,146.0,32.0,1027,8,6.08,64.0,4080.0,4.2,2831.0
169,100554.0,5.0,550.0,,16.0,904,15,6.08,16.0,4080.0,4.0,2465.0
170,86459.0,45.0,650.0,,16.0,82,5,6.09,32.0,4000.0,4.2,3391.0
171,91294.0,12.0,700.0,142.0,,29,4,6.3,128.0,4150.0,4.2,3868.0
172,91294.0,12.0,700.0,142.0,,23,4,6.3,128.0,4150.0,4.2,3868.0
173,98405.0,5.0,680.0,160.0,32.0,419,2,6.3,64.0,4150.0,4.2,3327.0
174,98405.0,5.0,680.0,160.0,32.0,948,11,6.5,128.0,5000.0,4.2,6867.0
175,98405.0,5.0,680.0,160.0,32.0,1097,55,6.44,128.0,4015.0,4.2,6615.0
176,89750.0,46.0,430.0,151.0,64.0,622,1,6.53,32.0,4150.0,5.0,2479.0
177,89750.0,46.0,430.0,151.0,64.0,74,3,5.0,32.0,,5.0,4463.0
178,89750.0,46.0,430.0,151.0,64.0,578,10,6.21,16.0,4200.0,5.0,2232.0
179,101984.0,6.0,650.0,135.0,8.0,1018,26,6.49,64.0,4680.0,4.1,3250.0
180,89937.0,177.0,600.0,175.0,128.0,73,1,6.5,128.0,5000.0,5.1,6039.0
181,96432.0,5.0,,162.0,8.0,814,1,6.5,128.0,5000.0,4.2,5699.0
182,89473.0,148.0,587.0,181.0,256.0,797,10,5.99,32.0,5400.0,5.1,5851.0
183,89473.0,148.0,587.0,181.0,256.0,704,14,5.99,64.0,5400.0,5.1,6900.0
184,89473.0,148.0,587.0,181.0,256.0,1124,21,6.4,128.0,4025.0,5.1,8141.0
185,89473.0,148.0,587.0,181.0,256.0,316,11,2.4,0.064,1500.0,5.1,294.0
186,78570.0,5.0,450.0,159.0,16.0,377,20,2.2,0.032,1000.0,4.0,398.0
187,78570.0,5.0,450.0,159.0,16.0,155,1,5.0,32.0,3500.0,4.0,3460.0
188,100971.0,5.0,680.0,150.0,32.0,632,7,5.99,64.0,2900.0,4.1,7827.0
189,100971.0,5.0,680.0,150.0,32.0,146,5,6.67,128.0,5800.0,4.1,12913.0
190,100971.0,5.0,680.0,150.0,32.0,314,6,5.7,64.0,,4.1,6692.0
191,98060.0,5.0,,155.0,16.0,148,3,5.7,64.0,10300.0,4.2,7498.0
192,79815.0,43.0,621.0,155.0,64.0,671,10,6.3,128.0,5500.0,4.1,7958.0
193,79815.0,43.0,621.0,155.0,64.0,673,10,6.3,128.0,5500.0,4.1,7958.0
194,96762.0,5.0,598.0,145.0,16.0,865,29,6.1,64.0,5500.0,4.2,5943.0
195,87000.0,5.0,550.0,144.0,32.0,1009,20,6.3,128.0,6600.0,4.0,15611.0
196,99172.0,56.0,,181.0,128.0,816,17,6.3,128.0,6600.0,5.0,11062.0
197,99172.0,56.0,,181.0,128.0,818,17,6.3,128.0,6600.0,5.0,11062.0
198,104871.0,56.0,,181.0,128.0,318,57,2.4,0.032,2500.0,5.0,1274.0
199,104871.0,56.0,,181.0,128.0,52,7,2.4,0.032,2500.0,5.0,1299.0
200,84155.0,51.0,725.0,149.0,32.0,395,29,5.5,32.0,5000.0,4.2,3155.0
201,103561.0,,485.0,168.0,16.0,788,38,5.5,32.0,5000.0,5.0,3768.0
202,103561.0,,485.0,168.0,16.0,1010,28,5.5,64.0,5000.0,5.0,4251.0
203,72694.0,4.0,400.0,120.0,16.0,662,38,5.0,16.0,4000.0,4.1,2786.0
204,82486.0,64.0,,152.0,,546,38,5.0,16.0,,4.2,3072.0
205,82486.0,64.0,,152.0,,998,35,5.0,32.0,4000.0,4.2,3550.0
206,82486.0,64.0,,152.0,,1035,33,5.7,64.0,5080.0,4.2,4424.0
207,82486.0,64.0,,152.0,,621,19,1.8,0.032,800.0,4.2,275.0
208,85650.0,148.0,585.0,168.0,256.0,110,1,5.45,8.0,4000.0,5.0,1699.0
209,85650.0,148.0,585.0,168.0,256.0,160,1,5.45,8.0,4000.0,5.0,1699.0
210,85650.0,204.0,754.0,168.0,256.0,390,30,2.0,0.064,1300.0,5.0,646.0
211,91613.0,148.0,585.0,167.0,128.0,599,28,2.0,0.064,1300.0,5.0,655.0
212,84576.0,14.0,653.0,163.0,128.0,448,19,2.4,0.032,1200.0,4.2,400.0
213,84576.0,14.0,653.0,163.0,128.0,1084,52,2.4,,1500.0,4.2,1488.0
214,84576.0,14.0,653.0,163.0,128.0,49,1,5.0,8.0,2500.0,4.2,1715.0
215,84576.0,14.0,653.0,163.0,128.0,25,1,5.5,64.0,5050.0,4.2,3107.0
216,84576.0,14.0,653.0,163.0,128.0,94,1,5.5,64.0,5050.0,4.2,3107.0
217,84576.0,14.0,653.0,163.0,,540,2,6.19,16.0,5500.0,4.2,2323.0
218,84576.0,14.0,653.0,163.0,,688,22,2.4,0.032,3000.0,4.2,992.0
219,84576.0,14.0,653.0,163.0,,877,23,5.7,32.0,5580.0,4.2,2974.0
220,82512.0,64.0,,149.0,,869,13,5.7,64.0,5580.0,4.2,3474.0
221,87019.0,80.0,710.0,162.0,128.0,515,13,5.7,128.0,5580.0,5.0,4727.0
222,87019.0,80.0,710.0,162.0,128.0,138,22,5.7,128.0,5580.0,5.0,6789.0
223,87019.0,80.0,710.0,162.0,128.0,772,54,5.5,16.0,4400.0,5.0,2596.0
224,87019.0,80.0,710.0,162.0,128.0,1023,25,5.5,32.0,4400.0,5.0,2720.0
225,105120.0,5.0,500.0,143.0,16.0,553,47,5.5,16.0,4400.0,4.0,3566.0
226,98596.0,148.0,585.0,191.0,128.0,548,47,5.5,16.0,4400.0,5.0,3566.0
227,94752.0,44.0,504.0,205.0,128.0,425,1,5.5,16.0,5580.0,5.0,2394.0
228,94752.0,44.0,504.0,205.0,128.0,659,26,5.7,32.0,5580.0,5.0,3668.0
229,92018.0,5.0,700.0,154.0,16.0,806,23,6.88,16.0,5580.0,4.2,3386.0
230,92018.0,5.0,700.0,154.0,16.0,849,29,5.7,32.0,4380.0,4.2,3762.0
231,90088.0,6.0,357.0,165.0,32.0,882,28,5.7,128.0,4380.0,4.0,5418.0
232,102100.0,5.0,650.0,180.0,,821,55,5.7,64.0,6580.0,4.2,6801.0
233,104111.0,5.0,550.0,162.0,16.0,764,10,5.84,64.0,5580.0,4.2,4793.0
234,97294.0,5.0,550.0,151.0,16.0,536,19,5.0,64.0,4180.0,4.2,4584.0
235,98116.0,143.0,720.0,189.0,256.0,525,19,5.0,64.0,4180.0,5.0,4584.0
236,88305.0,5.0,500.0,157.0,16.0,954,13,6.3,64.0,13000.0,4.0,5355.0
237,101747.0,16.0,650.0,180.0,32.0,562,5,5.7,64.0,10000.0,4.2,6356.0
238,88160.0,25.0,1200.0,160.0,,792,17,5.7,64.0,10000.0,4.2,5851.0
239,93786.0,64.0,647.0,166.0,,612,7,5.7,128.0,10000.0,5.0,8087.0
240,87939.0,57.0,625.0,172.0,,104,20,6.21,64.0,5580.0,5.1,6072.0
241,96113.0,5.0,550.0,160.0,16.0,129,20,6.21,64.0,5580.0,4.0,6072.0
242,84310.0,20.0,600.0,136.0,,373,10,6.21,128.0,5580.0,4.2,6898.0
243,84310.0,20.0,600.0,136.0,,355,10,6.21,128.0,5580.0,4.2,6898.0
244,84356.0,13.0,624.0,157.0,,533,18,6.21,128.0,5580.0,4.2,6126.0
245,91011.0,30.0,550.0,155.0,32.0,898,20,5.84,128.0,4380.0,4.2,6967.0
246,91011.0,30.0,550.0,155.0,32.0,77,3,5.84,128.0,4380.0,4.2,7686.0
247,91011.0,30.0,550.0,155.0,32.0,293,14,6.3,128.0,6580.0,4.2,10064.0
248,91011.0,30.0,550.0,155.0,32.0,332,14,6.3,128.0,6580.0,4.2,10064.0
249,91011.0,30.0,550.0,155.0,32.0,879,30,6.3,128.0,6580.0,4.2,10436.0
250,91011.0,30.0,550.0,155.0,32.0,732,14,5.84,256.0,4380.0,4.2,9916.0
251,102793.0,210.0,600.0,209.0,,802,6,5.84,128.0,4380.0,5.1,12667.0
252,102793.0,210.0,600.0,209.0,,918,21,5.84,128.0,4380.0,5.1,7608.0
253,102793.0,210.0,600.0,209.0,,884,4,6.3,128.0,5000.0,5.1,4994.0
254,86858.0,48.0,650.0,159.0,64.0,150,2,6.39,128.0,4000.0,5.0,15149.0
255,82257.0,59.0,1000.0,159.0,256.0,43,11,6.39,128.0,4000.0,4.2,15399.0
256,82257.0,59.0,1000.0,159.0,256.0,726,4,6.67,256.0,4720.0,4.2,18319.0
257,100853.0,48.0,650.0,164.0,,1098,31,6.67,128.0,4720.0,4.2,13846.0
258,100853.0,48.0,650.0,164.0,,53,1,5.99,128.0,4000.0,4.2,13146.0
259,100853.0,48.0,650.0,164.0,,1083,48,6.49,128.0,5000.0,4.2,4152.0
260,100853.0,48.0,650.0,164.0,64.0,700,56,5.45,32.0,2600.0,4.2,2016.0
261,101938.0,5.0,500.0,,16.0,619,43,5.45,32.0,2600.0,4.0,2014.0
262,110918.0,5.0,500.0,150.0,16.0,446,47,5.45,32.0,2600.0,4.0,2021.0
263,110918.0,5.0,500.0,150.0,16.0,782,1,5.45,16.0,2600.0,4.0,1999.0
264,110918.0,5.0,500.0,150.0,16.0,601,1,5.45,16.0,2600.0,4.0,1999.0
265,110918.0,5.0,500.0,150.0,16.0,594,1,5.45,16.0,2600.0,4.0,1999.0
266,110918.0,6.0,570.0,150.0,16.0,706,4,5.45,32.0,2600.0,4.0,2257.0
267,110918.0,6.0,570.0,150.0,16.0,529,8,5.45,32.0,2600.0,4.0,2435.0
268,110918.0,6.0,570.0,150.0,16.0,942,44,6.08,32.0,3200.0,4.0,2517.0
269,92748.0,57.0,625.0,181.0,,978,34,6.1,32.0,3200.0,5.1,2590.0
270,101861.0,148.0,587.0,192.0,256.0,1016,56,6.08,32.0,4000.0,5.1,2783.0
271,101861.0,148.0,587.0,192.0,256.0,1071,53,6.08,64.0,4000.0,5.1,3154.0
272,93701.0,70.0,650.0,178.0,256.0,775,38,6.5,64.0,4000.0,5.2,3052.0
273,93701.0,70.0,650.0,178.0,256.0,642,39,6.0,32.0,2600.0,5.2,1801.0
274,93701.0,70.0,650.0,178.0,256.0,399,42,6.0,32.0,2600.0,5.2,1789.0
275,103754.0,30.0,550.0,172.0,,418,42,6.0,32.0,2600.0,5.0,1789.0
276,101473.0,10.0,800.0,156.0,64.0,750,44,5.0,16.0,2000.0,5.0,1552.0
277,86788.0,57.0,950.0,163.0,128.0,691,45,5.0,16.0,2000.0,5.0,1529.0
278,93428.0,148.0,587.0,180.0,,951,45,6.82,128.0,5000.0,5.1,4041.0
279,93428.0,148.0,587.0,180.0,,941,43,6.82,64.0,5000.0,5.1,3821.0
280,81599.0,57.0,900.0,147.0,,753,5,6.5,32.0,5000.0,4.1,3055.0
281,81599.0,57.0,900.0,147.0,,930,9,6.5,32.0,5000.0,4.1,3015.0
282,93390.0,24.0,520.0,145.0,,386,10,6.55,64.0,4000.0,4.1,3409.0
283,93390.0,24.0,520.0,145.0,,610,3,6.49,16.0,4000.0,4.1,2132.0
284,93390.0,24.0,520.0,145.0,,497,4,6.49,16.0,4000.0,4.1,2104.0
285,95432.0,30.0,550.0,152.0,32.0,634,1,6.1,32.0,4000.0,4.2,2899.0
286,96549.0,48.0,650.0,160.0,32.0,1044,11,6.4,64.0,4000.0,4.2,3276.0
287,97765.0,48.0,650.0,149.0,,936,10,6.5,32.0,5000.0,4.2,3296.0
288,97765.0,48.0,650.0,149.0,,738,11,6.5,32.0,5000.0,4.2,3361.0
289,100145.0,40.0,820.0,185.0,,665,1,6.5,32.0,5000.0,5.0,3399.0
290,100145.0,40.0,820.0,185.0,,1153,17,6.5,64.0,5000.0,5.0,3812.0
291,87604.0,47.0,840.0,173.0,128.0,625,4,6.4,128.0,4200.0,5.2,5671.0
292,82821.0,24.0,520.0,145.0,32.0,307,1,5.0,4.0,2000.0,4.2,1150.0
293,82821.0,24.0,520.0,145.0,32.0,319,1,5.0,4.0,2000.0,4.2,1150.0
294,89293.0,59.0,,163.0,128.0,907,1,5.45,16.0,3000.0,5.0,1899.0
295,103949.0,30.0,770.0,172.0,32.0,161,1,5.45,32.0,3000.0,5.0,2618.0
296,92767.0,67.0,900.0,172.0,128.0,111,1,5.45,32.0,3000.0,5.0,2618.0
297,137435.0,28.0,550.0,,32.0,62,1,5.0,16.0,3500.0,4.1,2950.0
298,102900.0,63.0,700.0,163.0,,449,2,6.55,32.0,4000.0,5.0,2999.0
299,102900.0,63.0,700.0,163.0,,522,12,6.52,64.0,4000.0,5.0,3440.0
300,90722.0,36.0,450.0,157.0,32.0,876,6,6.6,64.0,5000.0,4.2,4057.0
301,90722.0,36.0,450.0,157.0,32.0,252,3,6.6,128.0,5000.0,4.2,4299.0
302,90563.0,59.0,1000.0,160.0,,583,31,2.8,,1600.0,4.2,810.0
303,97532.0,143.0,720.0,192.0,256.0,200,39,2.3,,1000.0,5.0,641.0
304,97532.0,143.0,720.0,192.0,256.0,990,24,1.77,,1450.0,5.0,444.0
305,97532.0,143.0,720.0,192.0,256.0,253,38,2.2,,1650.0,5.0,777.0
306,97532.0,143.0,720.0,192.0,256.0,265,38,2.2,,1650.0,5.0,777.0
307,97532.0,143.0,720.0,192.0,256.0,1021,22,,,800.0,5.0,988.0
308,97532.0,143.0,720.0,192.0,256.0,271,2,5.5,64.0,4060.0,5.0,3968.0
309,94829.0,74.0,710.0,173.0,,259,2,5.5,64.0,4060.0,5.0,3968.0
310,104737.0,36.0,450.0,157.0,32.0,245,5,5.0,16.0,2000.0,4.2,2059.0
311,104737.0,36.0,450.0,157.0,32.0,159,1,5.5,16.0,2700.0,4.2,1979.0
312,104737.0,36.0,450.0,157.0,32.0,109,1,5.5,16.0,2700.0,4.2,1979.0
313,83238.0,44.0,504.0,154.0,64.0,494,1,5.5,32.0,3000.0,5.0,2884.0
314,91892.0,66.0,680.0,150.0,,488,1,5.5,32.0,3000.0,4.2,2969.0
315,91892.0,66.0,680.0,150.0,,269,1,5.4,32.0,3760.0,4.2,5590.0
316,91892.0,66.0,680.0,150.0,,257,1,5.4,32.0,3760.0,4.2,5590.0
317,93699.0,59.0,,163.0,128.0,746,22,2.4,,1600.0,5.0,807.0
318,92158.0,62.0,850.0,172.0,,397,30,2.4,,1600.0,5.0,806.0
319,92158.0,62.0,850.0,172.0,,56,33,1.77,0.032,800.0,5.0,301.0
320,92158.0,62.0,850.0,172.0,,389,36,2.4,0.032,1800.0,5.0,413.0
321,88655.0,154.0,675.0,183.0,256.0,335,24,2.4,0.032,3000.0,5.0,546.0
322,89886.0,161.0,670.0,183.0,256.0,296,24,2.4,0.032,3000.0,5.1,546.0
323,90625.0,59.0,1000.0,162.0,,251,2,2.8,0.032,1450.0,4.2,499.0
324,90625.0,59.0,1000.0,162.0,,563,18,4.5,8.0,1500.0,4.2,1250.0
325,90625.0,59.0,1000.0,162.0,,571,5,4.5,8.0,2600.0,4.2,1850.0
326,90625.0,59.0,1000.0,162.0,,670,6,5.0,8.0,2500.0,4.2,1362.0
327,90625.0,59.0,1000.0,162.0,,79,1,6.1,64.0,3000.0,4.2,3490.0
328,90625.0,59.0,1000.0,162.0,,762,2,6.1,64.0,3000.0,4.2,3444.0
329,90625.0,59.0,1000.0,162.0,,1178,30,6.1,64.0,3000.0,4.2,2992.0
330,90625.0,59.0,1000.0,164.0,128.0,929,5,6.5,64.0,5000.0,4.2,4217.0
331,90625.0,59.0,1000.0,164.0,128.0,1131,20,6.7,128.0,4500.0,4.2,15017.0
332,96661.0,48.0,650.0,166.0,,901,19,1.77,0.032,1000.0,4.2,391.0
333,111594.0,8.0,660.0,178.0,32.0,523,6,1.77,0.032,1000.0,5.0,373.0
334,111594.0,8.0,660.0,178.0,32.0,333,10,1.77,,1000.0,5.0,272.0
335,93069.0,218.0,800.0,188.0,,294,10,1.77,,1000.0,5.0,272.0
336,93069.0,218.0,800.0,188.0,,151,2,2.4,0.032,1800.0,5.0,374.0
337,93069.0,218.0,800.0,188.0,,122,1,2.4,0.032,1800.0,5.0,379.0
338,93069.0,218.0,800.0,188.0,,163,1,2.4,0.032,1800.0,5.0,379.0
339,99442.0,30.0,550.0,180.0,32.0,113,1,2.4,0.032,1800.0,4.0,379.0
340,99176.0,88.0,572.0,189.0,,12,1,2.4,0.032,1400.0,5.0,699.0
341,99176.0,88.0,572.0,189.0,,45,1,2.4,,2000.0,5.0,649.0
342,99176.0,88.0,572.0,189.0,,556,4,2.8,0.032,3100.0,5.0,583.0
343,99176.0,88.0,572.0,189.0,,551,4,2.8,0.032,3100.0,5.0,583.0
344,99176.0,88.0,572.0,189.0,,227,13,2.8,,800.0,5.0,477.0
345,99176.0,88.0,572.0,189.0,,186,8,2.0,,1800.0,5.0,523.0
346,101368.0,57.0,950.0,168.0,32.0,219,8,2.0,,1800.0,5.2,523.0
347,101368.0,57.0,950.0,168.0,32.0,600,8,5.3,16.0,3020.0,5.2,1610.0
348,101368.0,57.0,950.0,168.0,32.0,473,3,5.3,16.0,3020.0,5.2,1599.0
349,106560.0,6.0,600.0,178.0,32.0,181,2,5.7,16.0,3020.0,4.0,2167.0
350,98956.0,8.0,660.0,,,567,4,5.7,16.0,3020.0,4.2,1939.0
351,93386.0,57.0,625.0,168.0,128.0,442,32,2.4,0.032,1700.0,5.0,474.0
352,93386.0,57.0,625.0,168.0,128.0,905,55,2.4,0.032,4000.0,5.0,557.0
353,113711.0,8.0,660.0,170.0,16.0,773,25,2.4,,800.0,4.2,314.0
354,113711.0,8.0,660.0,172.0,64.0,653,28,2.8,0.032,1400.0,4.2,547.0
355,113711.0,8.0,660.0,172.0,64.0,502,19,2.8,0.032,1400.0,4.2,545.0
356,93387.0,57.0,950.0,171.0,128.0,590,2,6.7,256.0,4200.0,5.0,29999.0
357,91089.0,196.0,720.0,175.0,,474,4,6.7,512.0,4260.0,5.0,32530.0
358,91089.0,196.0,720.0,175.0,,710,1,5.7,32.0,3300.0,5.0,3742.0
359,100026.0,148.0,587.0,188.0,,637,1,5.7,64.0,3300.0,5.1,3850.0
360,100026.0,148.0,587.0,188.0,,745,1,5.7,64.0,3300.0,5.1,3799.0
361,100026.0,148.0,587.0,188.0,,603,1,5.7,64.0,3300.0,5.1,4099.0
362,91336.0,,950.0,181.0,512.0,596,1,5.7,64.0,3300.0,5.3,4099.0
363,97199.0,57.0,625.0,180.0,128.0,674,1,5.7,64.0,3300.0,5.1,4099.0
364,84588.0,6.0,600.0,130.0,16.0,96,1,5.7,128.0,3300.0,4.0,8009.0
365,87971.0,63.0,700.0,165.0,64.0,27,1,5.7,128.0,3300.0,5.0,8009.0
366,208838.0,43.0,600.0,202.0,64.0,686,2,6.2,64.0,3000.0,5.0,4849.0
367,208838.0,43.0,600.0,202.0,64.0,1030,2,6.1,64.0,3000.0,5.0,5571.0
368,96566.0,44.0,504.0,172.0,,923,2,6.1,64.0,3000.0,5.0,5421.0
369,96566.0,44.0,504.0,172.0,,851,3,6.1,64.0,3000.0,5.0,5713.0
370,103679.0,46.0,610.0,184.0,,427,2,6.1,64.0,3000.0,5.0,5798.0
371,103679.0,46.0,610.0,184.0,,925,27,6.4,64.0,5000.0,5.0,5464.0
372,103679.0,46.0,610.0,184.0,,840,12,6.5,64.0,5000.0,5.0,4772.0
373,103679.0,46.0,610.0,184.0,,906,1,6.1,128.0,3500.0,5.0,8299.0
374,113223.0,47.0,700.0,208.0,,931,21,6.4,128.0,4000.0,5.0,17790.0
375,113223.0,47.0,700.0,208.0,,988,21,6.21,128.0,3550.0,5.0,14427.0
376,113223.0,47.0,700.0,208.0,,1062,17,6.5,64.0,5000.0,5.0,4812.0
377,113223.0,47.0,700.0,208.0,,1160,46,6.81,128.0,5000.0,5.0,6697.0
378,113574.0,47.0,700.0,208.0,256.0,845,2,5.1,32.0,2550.0,5.0,3529.0
379,88327.0,47.0,700.0,172.0,128.0,325,1,5.1,32.0,2600.0,5.1,4511.0
380,88327.0,47.0,700.0,172.0,128.0,605,1,5.5,32.0,3600.0,5.1,5930.0
381,109385.0,52.0,1000.0,197.0,256.0,1163,33,5.7,16.0,3000.0,5.2,2940.0
382,87223.0,64.0,1000.0,175.0,64.0,1073,50,5.3,16.0,3000.0,4.0,2344.0
383,92966.0,44.0,504.0,164.0,,1078,25,6.5,32.0,5000.0,5.0,3776.0
384,92966.0,44.0,504.0,164.0,,1129,24,6.2,32.0,4000.0,5.0,3348.0
385,94246.0,52.0,700.0,185.0,64.0,1036,40,6.4,32.0,4000.0,4.2,4101.0
386,94805.0,57.0,625.0,180.0,128.0,1008,63,6.5,32.0,5000.0,5.0,4473.0
387,104007.0,49.0,750.0,182.0,128.0,1092,57,6.5,64.0,5000.0,5.0,4977.0
388,93863.0,40.0,845.0,165.0,,100,8,5.0,16.0,2600.0,5.0,3222.0
389,98529.0,40.0,845.0,169.0,,91,8,5.0,16.0,2600.0,5.0,3222.0
390,116763.0,148.0,587.0,200.0,512.0,1040,9,5.8,32.0,3000.0,5.0,4595.0
391,108225.0,148.0,587.0,199.0,,54,2,5.8,32.0,3000.0,5.1,4300.0
392,108225.0,148.0,587.0,199.0,,1017,13,6.5,32.0,4000.0,5.1,4126.0
393,136903.0,4.0,400.0,200.0,16.0,1059,46,6.5,32.0,5000.0,4.1,5174.0
394,90754.0,69.0,,178.0,256.0,1072,4,6.4,32.0,4000.0,4.2,4524.0
395,90754.0,69.0,,178.0,256.0,261,1,6.4,64.0,4000.0,4.2,6340.0
396,91637.0,,840.0,177.0,,273,1,6.4,64.0,4000.0,5.2,6340.0
397,91637.0,,840.0,177.0,,778,8,6.4,64.0,4000.0,5.2,6098.0
398,91637.0,,840.0,177.0,,1115,74,6.4,128.0,5000.0,5.2,6510.0
399,91637.0,,840.0,177.0,,1185,92,6.4,64.0,5000.0,5.2,5997.0
400,90923.0,62.0,850.0,169.0,,1173,19,6.1,64.0,3500.0,5.0,6693.0
401,90923.0,62.0,850.0,169.0,,736,16,6.4,128.0,4000.0,5.0,6687.0
402,90923.0,62.0,850.0,169.0,,874,2,6.4,64.0,4000.0,5.0,5527.0
403,90923.0,62.0,850.0,169.0,,712,2,6.4,128.0,4000.0,5.0,6933.0
404,100002.0,148.0,587.0,190.0,,168,8,6.4,128.0,4000.0,5.0,8243.0
405,100002.0,148.0,587.0,190.0,,118,8,6.4,128.0,4000.0,5.0,8243.0
406,100002.0,148.0,587.0,190.0,,127,8,6.4,128.0,4000.0,5.0,8243.0
407,100002.0,148.0,587.0,190.0,,70,5,6.4,128.0,4000.0,5.0,7159.0
408,100002.0,148.0,587.0,190.0,,1192,83,6.5,64.0,4000.0,5.0,7139.0
409,100002.0,148.0,587.0,190.0,,1177,77,6.5,128.0,4000.0,5.0,8076.0
410,100002.0,148.0,587.0,190.0,,783,20,6.5,128.0,4000.0,5.0,8538.0
411,100002.0,218.0,800.0,190.0,,970,9,6.5,128.0,4000.0,5.0,7135.0
412,100002.0,218.0,800.0,190.0,,1039,66,6.5,128.0,4000.0,5.0,8152.0
413,100002.0,218.0,800.0,190.0,,205,3,6.0,32.0,3500.0,5.0,7064.0
414,100002.0,218.0,800.0,190.0,,484,2,6.0,32.0,3500.0,5.0,5292.0
415,109549.0,43.0,1000.0,197.0,,346,4,6.0,32.0,3500.0,5.0,7071.0
416,109549.0,43.0,1000.0,197.0,,279,1,6.0,64.0,3300.0,5.0,5699.0
417,97134.0,9.0,578.0,149.0,,689,6,6.0,64.0,3300.0,4.0,5893.0
418,97134.0,9.0,578.0,149.0,,339,14,6.7,128.0,4500.0,4.0,8816.0
419,94929.0,64.0,800.0,230.0,128.0,173,11,6.7,128.0,4500.0,4.2,8965.0
420,97099.0,47.0,840.0,179.0,128.0,209,11,6.7,128.0,4500.0,5.3,8965.0
421,110573.0,52.0,700.0,174.0,32.0,222,11,6.7,128.0,4500.0,4.2,8965.0
422,82698.0,74.0,710.0,153.0,,611,9,6.7,128.0,4500.0,5.0,8986.0
423,83839.0,14.0,653.0,158.0,,1209,79,6.7,128.0,4500.0,4.2,10403.0
424,83839.0,14.0,653.0,158.0,,957,20,6.7,128.0,4500.0,4.2,10848.0
425,83839.0,14.0,653.0,158.0,,44,5,6.0,32.0,3500.0,4.2,7309.0
426,92293.0,30.0,770.0,169.0,32.0,93,5,6.0,32.0,3500.0,5.0,7253.0
427,91167.0,62.0,,166.0,,102,5,6.0,32.0,3500.0,5.0,7253.0
428,91167.0,62.0,,166.0,,143,1,6.0,64.0,3500.0,5.0,6542.0
429,91167.0,62.0,,166.0,,423,1,6.7,128.0,3700.0,5.0,13131.0
430,92351.0,34.0,770.0,166.0,,310,6,6.7,128.0,3700.0,5.0,13296.0
431,92351.0,34.0,770.0,166.0,,472,4,6.3,128.0,3800.0,5.0,8610.0
432,92351.0,34.0,770.0,166.0,,298,4,7.3,256.0,4380.0,5.0,55338.0
433,92351.0,34.0,770.0,166.0,,819,31,7.3,512.0,4380.0,5.0,41310.0
434,102209.0,64.0,1000.0,210.0,,304,10,7.3,512.0,4235.0,4.0,37640.0
435,109584.0,16.0,565.0,190.0,128.0,330,10,7.3,512.0,4235.0,5.1,37173.0
436,107292.0,62.0,,205.0,256.0,761,1,5.6,32.0,3000.0,5.1,3498.0
437,96604.0,80.0,710.0,185.0,256.0,132,6,6.22,16.0,3400.0,5.0,4268.0
438,90174.0,43.0,950.0,179.0,128.0,157,6,6.22,16.0,3400.0,5.1,4268.0
439,107913.0,49.0,700.0,191.0,64.0,107,6,6.22,16.0,3400.0,5.0,4268.0
440,107913.0,49.0,700.0,191.0,64.0,270,1,6.22,32.0,3400.0,5.0,4100.0
441,107913.0,49.0,700.0,191.0,64.0,258,1,6.22,32.0,3400.0,5.0,4100.0
442,116400.0,49.0,700.0,191.0,64.0,64,2,6.22,32.0,3400.0,5.0,4095.0
443,116400.0,49.0,700.0,191.0,64.0,145,3,6.4,32.0,4000.0,5.0,4882.0
444,104533.0,62.0,546.0,195.0,,1049,8,6.4,32.0,5000.0,5.0,4171.0
445,104533.0,62.0,546.0,195.0,,1204,67,6.4,64.0,6000.0,5.0,5849.0
446,104533.0,62.0,546.0,195.0,,443,5,6.4,64.0,5000.0,5.0,6749.0
447,101036.0,52.0,700.0,212.0,,1214,44,6.4,128.0,6000.0,4.2,7196.0
448,101036.0,52.0,700.0,212.0,,1184,55,6.5,128.0,6000.0,4.2,8359.0
449,101036.0,52.0,700.0,212.0,,1220,55,6.7,128.0,7000.0,4.2,9620.0
450,101800.0,72.0,1114.0,185.0,64.0,568,5,6.3,256.0,3500.0,5.1,21353.0
451,101800.0,72.0,1114.0,185.0,64.0,658,14,6.3,256.0,3500.0,5.1,21852.0
452,93329.0,46.0,430.0,165.0,,1172,53,6.3,256.0,3500.0,5.0,19940.0
453,82049.0,69.0,767.0,172.0,,909,16,6.8,256.0,4300.0,4.2,25252.0
454,100647.0,40.0,600.0,185.0,64.0,421,1,6.8,512.0,4300.0,4.2,27124.0
455,100647.0,40.0,600.0,185.0,64.0,1113,49,6.8,256.0,4300.0,4.2,23920.0
456,104280.0,40.0,845.0,190.0,128.0,233,3,6.8,512.0,4300.0,5.0,27973.0
457,104280.0,40.0,845.0,190.0,128.0,744,3,6.3,64.0,3300.0,5.0,9923.0
458,109350.0,43.0,600.0,192.0,64.0,184,6,6.3,128.0,3300.0,4.2,18114.0
459,96103.0,48.0,,175.0,128.0,217,6,6.3,128.0,3300.0,5.1,18114.0
460,96103.0,48.0,,175.0,128.0,889,15,6.4,128.0,4000.0,5.1,14422.0
461,104446.0,115.0,,189.0,128.0,164,3,6.4,512.0,4000.0,5.1,20948.0
462,97486.0,38.0,614.0,195.0,,123,3,6.4,512.0,4000.0,5.0,20948.0
463,110353.0,40.0,820.0,195.0,,114,3,6.4,512.0,4000.0,5.0,20948.0
464,110353.0,40.0,820.0,195.0,,813,17,6.4,512.0,4000.0,5.0,16076.0
465,110353.0,40.0,820.0,195.0,,992,14,6.4,512.0,4000.0,5.0,17585.0
466,110353.0,40.0,820.0,195.0,,714,16,6.4,512.0,4000.0,5.0,17540.0
467,114669.0,57.0,950.0,195.0,,1182,77,6.7,128.0,4500.0,5.0,11405.0
468,107628.0,154.0,675.0,205.0,,915,27,6.7,128.0,4500.0,5.0,12169.0
469,107628.0,154.0,675.0,205.0,,956,34,6.7,256.0,4300.0,5.0,21175.0
470,93282.0,52.0,1000.0,,256.0,730,27,6.7,256.0,4300.0,5.2,21222.0
471,93282.0,52.0,1000.0,,256.0,1080,63,6.7,256.0,4300.0,5.2,22670.0
472,91613.0,69.0,767.0,172.0,128.0,1146,33,6.9,256.0,4500.0,4.2,30008.0
473,100303.0,34.0,770.0,175.0,,1013,36,6.9,256.0,4500.0,5.0,28896.0
474,107468.0,62.0,850.0,192.0,,800,20,6.9,512.0,4500.0,5.0,39524.0
475,111190.0,62.0,850.0,191.0,128.0,1147,38,6.9,256.0,4500.0,5.0,32669.0
476,111190.0,62.0,850.0,208.0,,1190,4,6.7,128.0,4500.0,5.0,14079.0
477,98777.0,148.0,585.0,193.0,,1054,11,6.7,128.0,4500.0,5.0,14654.0
478,98777.0,148.0,585.0,193.0,,1199,64,6.1,128.0,3400.0,5.0,17561.0
479,98777.0,148.0,585.0,193.0,,198,13,6.1,512.0,3400.0,5.0,21229.0
480,98777.0,148.0,585.0,193.0,,861,10,6.1,128.0,3400.0,5.0,19123.0
481,98777.0,148.0,585.0,193.0,,1180,45,6.4,128.0,4000.0,5.0,17860.0
482,109630.0,57.0,950.0,195.0,,847,22,6.4,1000.0,4000.0,5.1,22932.0
483,105263.0,46.0,600.0,188.0,128.0,795,22,6.4,1000.0,4000.0,5.0,23137.0
484,96841.0,43.0,621.0,175.0,64.0,910,26,6.4,512.0,4000.0,4.1,21304.0
485,96841.0,43.0,621.0,175.0,64.0,828,28,6.4,512.0,4000.0,4.1,19878.0
486,97076.0,16.0,650.0,173.0,,413,1,6.4,512.0,4000.0,4.2,18739.0
487,103530.0,30.0,550.0,175.0,128.0,403,1,6.4,512.0,4000.0,4.2,18739.0
488,100864.0,161.0,670.0,192.0,,817,9,6.4,128.0,4000.0,5.0,20044.0
489,100864.0,161.0,670.0,192.0,,815,9,6.4,128.0,4000.0,5.0,20044.0
490,100864.0,161.0,670.0,192.0,256.0,66,3,6.4,1000.0,4000.0,5.0,21454.0
491,96990.0,64.0,647.0,186.0,,1122,23,5.8,128.0,3100.0,5.0,16313.0
492,121618.0,60.0,770.0,208.0,128.0,499,1,5.8,128.0,3100.0,4.1,12499.0
493,99531.0,43.0,1000.0,190.0,,1003,1,6.2,128.0,4000.0,4.2,20699.0
494,99531.0,43.0,1000.0,190.0,,1034,22,6.2,128.0,4000.0,4.2,22846.0
495,99531.0,43.0,1000.0,190.0,,1181,20,6.5,128.0,4500.0,4.2,17390.0
496,99531.0,43.0,1000.0,190.0,,913,14,6.5,256.0,4500.0,4.2,21157.0
497,99531.0,43.0,1000.0,190.0,,964,10,6.5,128.0,4500.0,4.2,17332.0
498,99531.0,43.0,1000.0,190.0,,396,1,6.5,128.0,4500.0,4.2,16980.0
499,99531.0,43.0,1000.0,190.0,,1197,79,6.5,128.0,4500.0,4.2,17631.0
500,113986.0,5.0,598.0,200.0,,439,8,6.5,256.0,4500.0,4.2,20513.0
501,102060.0,64.0,1000.0,,64.0,899,16,6.5,128.0,4500.0,5.0,16396.0
502,109706.0,16.0,,192.0,,982,56,6.5,256.0,4500.0,5.0,19215.0
503,89523.0,42.0,700.0,163.0,,1210,65,6.2,128.0,4000.0,4.1,21011.0
504,115760.0,5.0,500.0,,16.0,933,30,6.9,256.0,5000.0,4.2,29175.0
505,96389.0,66.0,680.0,170.0,,984,30,6.9,128.0,5000.0,4.2,27461.0
506,96265.0,46.0,430.0,181.0,,1114,63,6.9,128.0,5000.0,5.0,32806.0
507,96265.0,46.0,430.0,181.0,,1130,31,6.9,128.0,4500.0,5.0,23302.0
508,96265.0,46.0,430.0,181.0,,192,2,6.7,128.0,4500.0,5.0,24843.0
509,96265.0,46.0,430.0,181.0,,226,2,6.7,128.0,4500.0,5.0,24843.0
510,96265.0,46.0,430.0,181.0,,321,3,6.7,128.0,4500.0,5.0,21905.0
511,104496.0,57.0,950.0,199.0,,1011,35,6.7,128.0,4500.0,5.0,21326.0
512,109584.0,148.0,587.0,218.0,,1070,87,6.7,128.0,4500.0,5.1,24160.0
513,109584.0,148.0,587.0,218.0,,1175,25,6.2,128.0,4000.0,5.1,26751.0
514,112046.0,83.0,836.0,213.0,,1004,22,6.2,256.0,4000.0,5.0,28876.0
515,112046.0,83.0,836.0,213.0,,1104,28,6.8,128.0,5000.0,5.0,37630.0
516,112046.0,83.0,836.0,213.0,,1164,22,6.8,256.0,5000.0,5.0,39620.0
517,178754.0,66.0,680.0,286.0,64.0,1136,26,6.8,512.0,5000.0,4.2,42649.0
518,178754.0,66.0,680.0,286.0,64.0,979,32,6.7,128.0,4800.0,4.2,31574.0
519,110921.0,45.0,650.0,188.0,32.0,1006,27,6.7,256.0,4800.0,4.2,33443.0
520,110921.0,45.0,650.0,188.0,32.0,824,1,5.1,32.0,3000.0,4.2,5400.0
521,106842.0,67.0,900.0,186.0,64.0,685,3,5.1,32.0,3000.0,4.2,7782.0
522,103217.0,8.0,660.0,183.0,32.0,908,2,5.8,64.0,3000.0,5.0,7864.0
523,89759.0,64.0,647.0,170.0,64.0,886,1,5.8,64.0,3000.0,5.0,7640.0
524,89759.0,64.0,647.0,170.0,64.0,871,7,6.2,64.0,3500.0,5.0,10787.0
525,89759.0,64.0,647.0,170.0,64.0,664,1,6.2,64.0,3500.0,5.0,8709.0
526,89759.0,64.0,647.0,170.0,64.0,167,1,5.8,128.0,3000.0,5.0,14990.0
527,96268.0,16.0,650.0,180.0,,126,1,5.8,128.0,3000.0,4.2,14990.0
528,96268.0,16.0,650.0,180.0,,117,1,5.8,128.0,3000.0,4.2,14990.0
529,160875.0,6.0,570.0,225.0,16.0,92,8,5.8,128.0,3000.0,4.0,16798.0
530,160875.0,6.0,570.0,225.0,16.0,101,8,5.8,128.0,3000.0,4.0,16798.0
531,160875.0,6.0,570.0,225.0,32.0,17,1,5.8,128.0,3000.0,4.0,13720.0
532,160875.0,6.0,570.0,225.0,32.0,249,9,5.8,128.0,3000.0,4.0,13537.0
533,104622.0,80.0,710.0,187.0,,1105,5,5.8,64.0,3000.0,5.0,11207.0
534,97694.0,66.0,680.0,165.0,,426,1,5.8,128.0,3000.0,5.0,12869.0
535,97694.0,66.0,680.0,165.0,,376,1,6.2,128.0,3500.0,5.0,13550.0
536,131154.0,,840.0,257.0,,230,9,6.2,128.0,3500.0,5.0,13436.0
537,96640.0,63.0,700.0,167.0,64.0,285,6,6.2,128.0,3500.0,5.0,13525.0
538,96744.0,48.0,,175.0,128.0,470,2,6.2,128.0,3500.0,5.0,14502.0
539,99376.0,57.0,625.0,185.0,128.0,517,15,6.2,256.0,3500.0,5.0,14532.0
540,100171.0,64.0,750.0,184.0,128.0,1135,16,6.2,64.0,3500.0,5.0,13837.0
541,100171.0,57.0,950.0,184.0,128.0,696,13,6.7,256.0,3300.0,5.0,22434.0
542,102707.0,66.0,680.0,180.0,128.0,1029,16,6.7,256.0,3300.0,5.0,35015.0
543,113983.0,52.0,955.0,182.0,128.0,1099,33,7.6,256.0,4500.0,5.1,51460.0
544,113983.0,52.0,955.0,182.0,128.0,207,6,2.8,0.032,950.0,5.1,460.0
545,111006.0,8.0,660.0,190.0,32.0,191,1,5.2,32.0,2700.0,4.2,4189.0
546,111006.0,8.0,660.0,190.0,32.0,225,1,5.2,32.0,2700.0,4.2,4189.0
547,130029.0,30.0,550.0,,128.0,880,1,5.7,64.0,3200.0,4.2,3299.0
548,130029.0,30.0,550.0,,128.0,630,1,5.7,64.0,3200.0,4.2,3299.0
549,110120.0,8.0,660.0,,,4,1,5.0,16.0,5000.0,4.2,5600.0
550,101613.0,51.0,725.0,180.0,,960,10,6.39,64.0,4050.0,4.2,4630.0
551,101613.0,51.0,725.0,180.0,,436,1,6.39,128.0,4050.0,4.2,5249.0
552,90577.0,12.0,700.0,163.0,,504,7,6.3,64.0,10000.0,4.2,5101.0
553,90577.0,12.0,700.0,163.0,,509,7,6.3,64.0,10000.0,4.2,5101.0
554,90577.0,12.0,700.0,163.0,,328,6,6.41,64.0,11000.0,4.2,5039.0
555,90577.0,12.0,700.0,163.0,,290,6,6.41,64.0,11000.0,4.2,5039.0
556,90577.0,12.0,700.0,163.0,,506,9,6.41,64.0,11000.0,4.2,5146.0
557,90577.0,12.0,700.0,163.0,,469,5,6.41,64.0,11000.0,4.2,5331.0
558,99508.0,148.0,585.0,186.0,,731,2,5.99,64.0,4050.0,5.0,3786.0
559,99508.0,148.0,585.0,186.0,,467,4,7.12,64.0,6000.0,5.0,5467.0
560,99508.0,148.0,585.0,186.0,,916,2,4.5,32.0,3505.0,5.0,5674.0
561,99508.0,148.0,585.0,186.0,,115,5,5.0,16.0,4400.0,5.0,2500.0
562,99508.0,148.0,585.0,186.0,,124,5,5.0,16.0,4400.0,5.0,2500.0
563,99508.0,148.0,585.0,186.0,,165,5,5.0,16.0,4400.0,5.0,2500.0
564,99508.0,148.0,585.0,186.0,,811,4,4.0,32.0,2000.0,5.0,3046.0
565,99508.0,148.0,585.0,186.0,,749,4,4.0,32.0,2000.0,5.0,3046.0
566,99508.0,148.0,585.0,186.0,,199,1,4.5,16.0,2000.0,5.0,2600.0
567,99508.0,148.0,585.0,186.0,,178,1,4.5,16.0,2000.0,5.0,2600.0
568,99508.0,148.0,585.0,186.0,,214,1,4.5,16.0,2000.0,5.0,2600.0
569,99508.0,148.0,585.0,186.0,,6,1,1.77,,650.0,5.0,610.0
570,99508.0,148.0,585.0,186.0,,120,15,6.5,32.0,4000.0,5.0,3190.0
571,112550.0,57.0,950.0,195.0,,232,7,6.5,32.0,4000.0,5.0,3312.0
572,112550.0,57.0,950.0,195.0,128.0,890,33,6.5,32.0,4000.0,5.0,3325.0
573,112550.0,57.0,950.0,195.0,128.0,119,13,6.5,32.0,4000.0,5.0,3608.0
574,111085.0,,840.0,229.0,,380,11,2.4,,1970.0,5.2,1491.0
575,111085.0,,840.0,229.0,,387,4,2.4,,1970.0,5.2,1484.0
576,111085.0,,840.0,229.0,,668,4,2.8,8.0,2500.0,5.2,2840.0
577,95719.0,64.0,647.0,186.0,64.0,651,2,5.5,16.0,4000.0,5.0,3281.0
578,95804.0,14.0,600.0,191.0,,345,3,5.7,16.0,3300.0,4.2,2765.0
579,95804.0,14.0,600.0,191.0,,305,2,5.7,32.0,3300.0,4.2,2999.0
580,95804.0,14.0,600.0,191.0,,144,1,5.7,64.0,3000.0,4.2,4200.0
581,106032.0,154.0,675.0,199.0,,786,5,5.7,64.0,3100.0,5.0,3855.0
582,115051.0,46.0,600.0,200.0,64.0,482,9,5.7,64.0,3100.0,5.0,3726.0
583,114854.0,57.0,950.0,200.0,64.0,169,3,6.0,64.0,4060.0,5.0,3682.0
584,114961.0,66.0,680.0,200.0,64.0,453,11,1.4,0.032,460.0,4.2,563.0
585,114961.0,66.0,680.0,200.0,64.0,458,11,1.4,0.032,460.0,4.2,563.0
586,91924.0,63.0,700.0,172.0,32.0,48,16,1.77,,600.0,5.0,335.0
587,91924.0,63.0,700.0,172.0,32.0,394,17,2.4,,1400.0,5.0,394.0
588,171080.0,5.0,450.0,232.0,16.0,283,21,2.8,,950.0,4.0,666.0
589,171080.0,5.0,450.0,232.0,16.0,242,2,3.2,,1000.0,4.0,921.0
590,171080.0,5.0,450.0,232.0,16.0,239,2,3.2,,1000.0,4.0,921.0
591,82602.0,13.0,624.0,163.0,,747,8,1.77,0.032,600.0,4.1,528.0
592,92765.0,48.0,650.0,168.0,32.0,338,6,2.2,,1400.0,5.0,774.0
593,109261.0,57.0,950.0,188.0,64.0,521,10,2.2,,800.0,5.0,720.0
594,185136.0,52.0,700.0,257.0,64.0,414,13,2.4,,800.0,4.2,747.0
595,92626.0,80.0,710.0,169.0,,404,13,2.4,,800.0,5.0,747.0
596,120032.0,66.0,680.0,207.0,64.0,206,1,5.9,128.0,4000.0,5.0,13733.0
597,120032.0,66.0,680.0,207.0,64.0,606,4,6.0,256.0,4000.0,5.0,14257.0
598,120032.0,66.0,680.0,207.0,64.0,566,2,6.53,64.0,4000.0,5.0,13612.0
599,120032.0,66.0,680.0,207.0,64.0,785,3,6.0,256.0,4000.0,5.0,13782.0
600,101429.0,148.0,585.0,192.0,128.0,740,6,,512.0,4500.0,5.0,56082.0
601,101429.0,148.0,585.0,192.0,128.0,926,9,6.57,128.0,4160.0,5.0,11104.0
602,106332.0,52.0,900.0,195.0,,1087,1,6.57,64.0,4160.0,5.0,12456.0
603,110502.0,49.0,750.0,202.0,,836,6,6.57,256.0,4160.0,5.1,12055.0
604,110502.0,49.0,750.0,202.0,,1026,1,6.67,256.0,4500.0,5.1,27999.0
605,110502.0,49.0,750.0,202.0,,1154,49,6.67,128.0,5000.0,5.1,12778.0
606,110502.0,49.0,750.0,202.0,,1191,47,6.67,128.0,5000.0,5.1,13236.0
607,111191.0,156.0,580.0,193.0,,1133,26,6.67,128.0,4820.0,5.3,9502.0
608,110637.0,66.0,680.0,205.0,,1037,5,6.67,64.0,4820.0,5.0,9039.0
609,110637.0,66.0,680.0,205.0,,1152,17,6.67,128.0,5000.0,5.0,15767.0
610,106141.0,7.0,550.0,177.0,32.0,1168,12,6.67,256.0,5000.0,4.1,16756.0
611,106141.0,7.0,550.0,177.0,32.0,393,1,6.44,64.0,5300.0,4.1,3989.0
612,106141.0,7.0,550.0,177.0,32.0,558,1,6.47,64.0,5260.0,4.1,8999.0
613,106141.0,8.0,660.0,,32.0,511,1,5.15,32.0,3000.0,5.0,4098.0
614,106141.0,8.0,660.0,,32.0,801,4,6.0,64.0,4200.0,5.0,2786.0
615,121250.0,24.0,650.0,210.0,64.0,559,4,6.0,64.0,4200.0,4.0,2865.0
616,121250.0,24.0,650.0,210.0,64.0,228,7,5.7,32.0,,4.0,2724.0
617,117614.0,44.0,504.0,202.0,,75,1,5.0,16.0,4000.0,5.0,2999.0
618,117614.0,44.0,504.0,202.0,,153,1,5.0,16.0,2800.0,5.0,2590.0
619,118015.0,46.0,430.0,170.0,64.0,183,1,6.0,32.0,5000.0,5.0,4090.0
620,108603.0,148.0,585.0,206.0,,203,1,5.7,16.0,4000.0,5.0,2590.0
621,113411.0,14.0,600.0,196.0,32.0,441,7,5.0,16.0,2800.0,4.2,2243.0
622,113549.0,66.0,680.0,196.0,32.0,431,2,5.2,32.0,3000.0,5.0,3569.0
623,113549.0,66.0,680.0,196.0,32.0,434,2,5.2,32.0,3000.0,5.0,3569.0
624,113549.0,66.0,680.0,196.0,,554,2,5.2,64.0,3000.0,5.0,3569.0
625,113549.0,66.0,680.0,196.0,,549,2,5.2,64.0,3000.0,5.0,3569.0
626,113549.0,66.0,680.0,196.0,,147,1,5.7,32.0,4000.0,5.0,3590.0
627,113549.0,66.0,680.0,196.0,,385,2,5.9,64.0,3200.0,5.0,6545.0
628,106419.0,46.0,600.0,180.0,,487,2,5.7,32.0,3000.0,4.2,3494.0
629,106419.0,57.0,950.0,181.0,,189,1,6.2,64.0,5000.0,4.2,5790.0
630,96972.0,174.0,780.0,165.0,64.0,236,1,6.2,64.0,5000.0,4.2,5790.0
631,96972.0,174.0,780.0,165.0,64.0,722,10,6.4,64.0,4000.0,4.2,5084.0
632,96972.0,174.0,780.0,165.0,64.0,720,10,6.4,64.0,4000.0,4.2,5084.0
633,96972.0,174.0,780.0,165.0,64.0,528,9,6.4,64.0,4000.0,4.2,5105.0
634,96972.0,174.0,780.0,165.0,64.0,539,9,6.4,64.0,4000.0,4.2,5105.0
635,96972.0,174.0,780.0,165.0,64.0,1041,12,6.3,64.0,4000.0,4.2,5573.0
636,96972.0,174.0,780.0,165.0,64.0,1149,3,6.4,128.0,5000.0,4.2,5432.0
637,96972.0,16.0,650.0,165.0,,47,1,5.5,32.0,3050.0,4.1,3490.0
638,96972.0,16.0,650.0,165.0,,7,1,5.2,16.0,2300.0,4.1,3490.0
639,96972.0,16.0,650.0,165.0,,638,2,5.4,32.0,3760.0,4.1,5294.0
640,72228.0,74.0,710.0,143.0,64.0,170,1,5.2,32.0,3000.0,5.0,5790.0
641,72228.0,74.0,710.0,143.0,64.0,174,1,5.5,32.0,2600.0,5.0,4990.0
642,72228.0,74.0,710.0,143.0,128.0,210,1,5.5,32.0,2600.0,4.2,4990.0
643,72228.0,74.0,710.0,143.0,128.0,223,1,5.5,32.0,2600.0,4.2,4990.0
644,72228.0,74.0,710.0,143.0,128.0,196,4,5.5,32.0,2600.0,4.2,3796.0
645,72228.0,74.0,710.0,143.0,128.0,808,2,5.5,64.0,2730.0,4.2,7094.0
646,112685.0,51.0,725.0,193.0,,703,1,5.5,64.0,2730.0,4.2,5999.0
647,118795.0,52.0,700.0,198.0,,46,2,5.5,64.0,3000.0,4.0,5244.0
648,95738.0,47.0,610.0,179.0,128.0,322,2,5.5,64.0,3000.0,5.0,5244.0
649,106697.0,30.0,650.0,190.0,128.0,374,2,6.01,64.0,3000.0,5.0,6590.0
650,106697.0,30.0,650.0,190.0,128.0,503,2,6.4,128.0,3600.0,5.0,11690.0
651,100558.0,52.0,950.0,193.0,128.0,508,2,6.4,128.0,3600.0,5.3,11690.0
652,100558.0,52.0,950.0,193.0,128.0,35,1,5.5,16.0,4500.0,5.3,2599.0
653,111622.0,218.0,800.0,222.0,,85,1,5.5,16.0,4500.0,5.0,2599.0
654,111622.0,218.0,800.0,222.0,,614,1,5.84,32.0,3360.0,5.0,2299.0
655,111622.0,218.0,800.0,222.0,,875,10,6.3,64.0,4350.0,5.0,2989.0
656,88604.0,50.0,772.0,171.0,32.0,959,24,6.3,128.0,4400.0,4.2,4722.0
657,100555.0,148.0,585.0,183.0,128.0,672,8,6.55,128.0,4500.0,5.0,3519.0
658,108380.0,88.0,572.0,199.0,128.0,675,8,6.55,128.0,4500.0,5.0,3519.0
659,108380.0,88.0,572.0,199.0,128.0,31,1,5.7,32.0,3000.0,5.0,5494.0
660,108380.0,88.0,572.0,199.0,128.0,463,2,1.77,0.032,800.0,5.0,652.0
661,108380.0,88.0,572.0,199.0,128.0,456,2,1.77,0.032,800.0,5.0,652.0
662,101839.0,48.0,650.0,181.0,32.0,340,1,5.3,32.0,3220.0,5.0,3895.0
663,101839.0,48.0,650.0,181.0,32.0,1096,25,6.44,256.0,4115.0,5.0,12985.0
664,125138.0,51.0,800.0,212.0,,1109,19,6.44,128.0,4115.0,5.1,12069.0
665,98912.0,59.0,,176.0,64.0,1194,28,6.49,128.0,4300.0,5.0,9795.0
666,71295.0,17.0,650.0,145.0,,965,28,6.52,64.0,5000.0,4.2,6112.0
667,71295.0,17.0,650.0,145.0,,962,4,6.5,128.0,4200.0,4.2,3491.0
668,98599.0,64.0,1000.0,195.0,64.0,576,1,6.5,128.0,4200.0,4.2,4494.0
669,98599.0,64.0,1000.0,195.0,64.0,28,17,6.1,32.0,3500.0,4.2,2999.0
670,92659.0,40.0,430.0,167.0,64.0,22,17,6.1,32.0,3500.0,5.0,2999.0
671,92659.0,40.0,430.0,167.0,64.0,312,33,5.5,16.0,2700.0,5.0,2125.0
672,89568.0,5.0,500.0,172.0,8.0,211,23,5.5,16.0,2700.0,4.0,2148.0
673,89568.0,5.0,500.0,172.0,8.0,175,23,5.5,16.0,2700.0,4.0,2148.0
674,89568.0,5.0,500.0,172.0,8.0,1167,34,6.2,64.0,4000.0,4.0,4430.0
675,89568.0,5.0,500.0,172.0,8.0,81,3,6.4,128.0,3750.0,4.0,9372.0
676,89568.0,5.0,500.0,172.0,8.0,220,1,5.5,64.0,3200.0,4.0,8619.0
677,89568.0,5.0,500.0,172.0,8.0,187,1,5.5,64.0,3200.0,4.0,8619.0
678,89568.0,5.0,500.0,172.0,8.0,839,1,6.34,128.0,3500.0,4.0,4697.0
679,98518.0,14.0,600.0,177.0,32.0,855,1,6.34,128.0,3500.0,5.0,4697.0
680,110833.0,14.0,600.0,197.0,,481,1,6.5,64.0,5000.0,4.2,7190.0
681,118802.0,47.0,610.0,213.0,128.0,1148,15,6.5,128.0,5000.0,5.0,7071.0
682,114981.0,7.0,550.0,193.0,32.0,531,3,6.5,128.0,4000.0,4.2,8261.0
683,109966.0,48.0,650.0,189.0,,135,1,6.2,64.0,4000.0,5.0,4550.0
684,111426.0,242.0,903.0,229.0,,512,1,6.2,64.0,5000.0,5.3,5290.0
685,111426.0,242.0,903.0,229.0,,382,1,6.3,128.0,3500.0,5.3,7590.0
686,111426.0,242.0,903.0,229.0,,881,2,6.3,128.0,3500.0,5.3,6643.0
687,111426.0,242.0,903.0,229.0,,480,1,5.9,64.0,3000.0,5.3,4490.0
688,98895.0,46.0,430.0,181.0,,759,1,6.4,128.0,4000.0,5.0,9790.0
689,98895.0,46.0,430.0,181.0,,569,1,6.4,128.0,4000.0,5.0,9790.0
690,98895.0,46.0,430.0,181.0,,641,18,6.21,128.0,3400.0,5.0,4681.0
691,98895.0,46.0,430.0,181.0,,994,4,6.59,128.0,4000.0,5.0,7199.0
692,98895.0,46.0,430.0,181.0,,914,23,6.3,128.0,4000.0,5.0,5802.0
693,98895.0,46.0,430.0,181.0,,825,11,6.21,64.0,3400.0,5.0,4262.0
694,98895.0,46.0,430.0,181.0,,1038,39,6.67,128.0,5000.0,5.0,5311.0
695,98895.0,46.0,430.0,181.0,,1076,18,6.59,64.0,4000.0,5.0,4989.0
696,98895.0,46.0,430.0,181.0,,500,1,6.3,64.0,3340.0,5.0,5380.0
697,98895.0,46.0,430.0,181.0,,495,11,6.3,64.0,4000.0,5.0,3320.0
698,98895.0,46.0,430.0,181.0,,993,17,6.1,128.0,3650.0,5.0,15464.0
699,111171.0,24.0,520.0,167.0,64.0,711,1,6.1,128.0,3650.0,4.1,14906.0
700,111171.0,24.0,520.0,167.0,64.0,856,3,6.15,128.0,3340.0,4.1,5821.0
701,111171.0,24.0,520.0,167.0,64.0,1000,17,6.15,256.0,3340.0,4.1,6257.0
702,111171.0,24.0,520.0,167.0,64.0,1056,14,6.47,128.0,4200.0,4.1,16997.0
703,111171.0,24.0,520.0,167.0,64.0,1079,19,6.47,128.0,4200.0,4.1,16798.0
704,111171.0,24.0,520.0,167.0,64.0,1089,1,6.47,256.0,4200.0,4.1,15560.0
705,111171.0,24.0,520.0,167.0,64.0,1057,18,6.47,256.0,4200.0,4.1,18484.0
706,108355.0,49.0,700.0,199.0,,1064,18,6.1,128.0,3800.0,5.0,17155.0
707,108355.0,49.0,700.0,199.0,,1075,9,6.58,256.0,4200.0,5.0,23465.0
708,108355.0,49.0,700.0,199.0,,417,10,6.58,512.0,4200.0,5.0,31656.0
709,108848.0,88.0,572.0,201.0,,407,10,6.58,512.0,4200.0,5.0,31656.0
710,108848.0,88.0,572.0,201.0,,1061,43,6.4,128.0,4000.0,5.0,6789.0
711,108848.0,88.0,572.0,201.0,,1134,54,6.39,64.0,4000.0,5.0,4243.0
712,108848.0,88.0,572.0,201.0,,301,1,5.5,16.0,4000.0,5.0,1699.0
713,108848.0,88.0,572.0,201.0,,326,1,5.5,16.0,4000.0,5.0,1699.0
714,108848.0,88.0,572.0,201.0,,391,1,5.5,16.0,4000.0,5.0,1799.0
715,108848.0,88.0,572.0,201.0,,241,1,5.2,16.0,2680.0,5.0,3487.0
716,117685.0,148.0,587.0,218.0,128.0,238,1,5.2,16.0,2680.0,5.1,3487.0
717,117685.0,148.0,587.0,218.0,128.0,794,25,5.5,16.0,2400.0,5.1,1631.0
718,102041.0,64.0,800.0,190.0,,468,39,5.7,16.0,3500.0,4.2,1810.0
719,80214.0,46.0,430.0,155.0,,864,11,6.0,32.0,5000.0,5.0,2236.0
720,109462.0,247.0,890.0,213.0,,520,4,5.0,128.0,2770.0,5.3,6838.0
721,109462.0,247.0,890.0,213.0,,718,9,5.0,128.0,2700.0,5.3,13014.0
722,113740.0,47.0,610.0,219.0,128.0,895,9,5.0,64.0,2700.0,5.0,6667.0
723,113740.0,47.0,610.0,219.0,128.0,1050,8,6.0,64.0,3520.0,5.0,12909.0
724,119131.0,,818.0,220.0,,713,1,5.5,128.0,2915.0,5.2,13500.0
725,119131.0,,818.0,220.0,,1077,14,5.5,64.0,2915.0,5.2,10274.0
726,95048.0,148.0,585.0,181.0,,1082,29,6.3,64.0,3430.0,5.0,11238.0
727,117350.0,66.0,680.0,210.0,64.0,588,2,5.0,32.0,2770.0,5.0,4729.0
728,95835.0,59.0,,175.0,128.0,867,26,5.6,64.0,3000.0,4.2,10071.0
729,110305.0,40.0,845.0,200.0,128.0,510,9,6.0,64.0,3700.0,5.0,11774.0
730,117741.0,154.0,675.0,215.0,256.0,1065,21,5.7,64.0,2800.0,5.0,17187.0
731,111686.0,64.0,800.0,190.0,128.0,734,6,6.3,128.0,3700.0,4.2,25548.0
732,106975.0,57.0,950.0,185.0,64.0,1019,4,6.3,64.0,3700.0,4.2,19369.0
733,114666.0,10.0,800.0,204.0,,1202,33,6.24,128.0,3885.0,5.0,15706.0
734,114666.0,10.0,800.0,204.0,,1223,37,5.81,128.0,3140.0,5.0,12106.0
735,114666.0,10.0,800.0,204.0,,1165,36,6.0,128.0,4080.0,5.0,21879.0
736,114666.0,10.0,800.0,256.0,,452,1,5.5,128.0,3450.0,5.0,5899.0
737,114666.0,10.0,800.0,256.0,,462,1,5.5,128.0,3450.0,5.0,5899.0
738,114666.0,10.0,800.0,256.0,,1150,1,6.67,128.0,4700.0,5.0,12999.0
739,114666.0,10.0,800.0,256.0,,1116,41,6.53,128.0,6000.0,5.0,5372.0
740,181540.0,48.0,650.0,,64.0,1217,34,6.53,64.0,6000.0,4.0,4708.0
741,181540.0,48.0,650.0,,64.0,1222,59,6.67,128.0,5160.0,4.0,7152.0
742,181540.0,48.0,650.0,,64.0,1211,57,6.67,64.0,5160.0,4.0,6488.0
743,181540.0,48.0,650.0,,64.0,946,16,6.18,128.0,4000.0,4.0,7231.0
744,108504.0,52.0,1000.0,,256.0,639,18,6.52,16.0,5000.0,5.2,2314.0
745,108504.0,52.0,1000.0,,256.0,572,23,6.3,64.0,6350.0,5.2,4204.0
746,111845.0,49.0,750.0,209.0,,171,12,6.3,64.0,6350.0,5.0,4335.0
747,111845.0,49.0,750.0,209.0,,416,16,6.3,64.0,6350.0,5.0,4211.0
748,95676.0,74.0,710.0,175.0,,406,16,6.3,64.0,6350.0,5.0,4211.0
749,95676.0,74.0,710.0,175.0,,244,1,6.3,64.0,4035.0,5.0,5957.0
750,95676.0,74.0,710.0,175.0,,13,1,5.5,64.0,4000.0,5.0,4099.0
751,95736.0,80.0,710.0,184.0,,655,51,2.4,0.032,2000.0,5.0,877.0
752,95736.0,80.0,710.0,184.0,,827,3,6.4,128.0,2510.0,5.0,22713.0
753,95736.0,80.0,710.0,184.0,,972,19,6.2,128.0,2510.0,5.0,22760.0
754,145761.0,64.0,647.0,248.0,128.0,973,5,6.59,128.0,6000.0,5.0,18618.0
755,99554.0,40.0,845.0,183.0,128.0,1140,7,6.59,128.0,6000.0,5.0,18993.0
756,99554.0,40.0,845.0,183.0,128.0,1002,5,6.59,256.0,6000.0,5.0,21964.0
757,99554.0,40.0,845.0,183.0,128.0,1088,11,6.59,512.0,6000.0,5.0,28384.0
758,99554.0,40.0,845.0,183.0,128.0,112,1,6.0,512.0,4000.0,5.0,17510.0
759,99554.0,40.0,845.0,183.0,128.0,121,1,6.0,512.0,4000.0,5.0,17510.0
760,92044.0,42.0,1100.0,168.0,,162,1,6.0,512.0,4000.0,5.0,17510.0
761,92044.0,42.0,1100.0,168.0,,1102,10,6.53,128.0,5020.0,5.0,5133.0
762,111960.0,242.0,903.0,225.0,1024.0,966,7,6.53,128.0,5020.0,5.3,5761.0
763,111960.0,242.0,903.0,225.0,1024.0,580,2,5.0,16.0,4100.0,5.3,2358.0
764,111960.0,242.0,903.0,225.0,1024.0,597,2,5.0,16.0,4100.0,5.3,2358.0
765,183521.0,48.0,650.0,265.0,64.0,1093,4,5.0,64.0,4100.0,5.0,2826.0
766,183521.0,48.0,650.0,265.0,64.0,850,4,5.0,64.0,4100.0,5.0,2826.0
767,183521.0,48.0,650.0,265.0,64.0,636,1,5.7,32.0,3300.0,5.0,2950.0
768,183521.0,48.0,650.0,265.0,64.0,743,4,5.7,32.0,3300.0,5.0,3882.0
769,183521.0,48.0,650.0,265.0,64.0,608,2,5.9,64.0,4000.0,5.0,3463.0
770,183521.0,48.0,650.0,265.0,64.0,859,4,5.9,64.0,4000.0,5.0,4265.0
771,183521.0,48.0,650.0,265.0,64.0,715,2,5.0,16.0,3080.0,5.0,2420.0
772,183521.0,48.0,650.0,265.0,64.0,141,2,5.0,32.0,3080.0,5.0,2400.0
773,183521.0,48.0,650.0,265.0,64.0,358,3,5.0,32.0,3080.0,5.0,2749.0
774,183521.0,48.0,650.0,265.0,64.0,366,3,5.0,32.0,3080.0,5.0,2749.0
775,183521.0,48.0,650.0,265.0,64.0,878,5,5.45,32.0,3000.0,5.0,2794.0
776,183521.0,48.0,650.0,265.0,64.0,758,5,5.45,32.0,3000.0,5.0,2794.0
777,183521.0,48.0,650.0,265.0,64.0,667,1,5.45,64.0,3000.0,5.0,3054.0
778,183521.0,48.0,650.0,265.0,64.0,343,2,5.45,64.0,3000.0,5.0,3193.0
779,183521.0,48.0,650.0,265.0,64.0,362,2,5.45,64.0,3000.0,5.0,3193.0
780,183521.0,48.0,650.0,265.0,64.0,760,5,5.45,64.0,3000.0,5.0,3480.0
781,183521.0,48.0,650.0,265.0,64.0,657,2,5.84,32.0,4000.0,5.0,3317.0
782,183521.0,48.0,650.0,265.0,64.0,733,3,5.84,64.0,4000.0,5.0,3627.0
783,183521.0,48.0,650.0,265.0,64.0,176,4,6.26,64.0,4000.0,5.0,3671.0
784,183521.0,48.0,650.0,265.0,64.0,212,4,6.26,64.0,4000.0,5.0,3671.0
785,119333.0,49.0,800.0,215.0,,435,1,5.45,16.0,4000.0,5.1,3248.0
786,119333.0,49.0,800.0,215.0,,999,6,5.45,32.0,4000.0,5.1,3468.0
787,114310.0,51.0,800.0,214.0,,1007,3,6.22,32.0,5000.0,5.1,3559.0
788,114310.0,51.0,800.0,214.0,,1188,31,6.22,64.0,5000.0,5.1,3840.0
789,114310.0,51.0,800.0,214.0,,866,1,6.22,32.0,5000.0,5.1,3219.0
790,114310.0,51.0,800.0,214.0,,1158,28,6.22,64.0,5000.0,5.1,3503.0
791,114310.0,51.0,800.0,215.0,,1151,69,6.53,32.0,5020.0,5.1,4047.0
792,114310.0,51.0,800.0,215.0,,654,11,6.53,32.0,5020.0,5.1,4099.0
793,114310.0,51.0,800.0,215.0,,367,8,6.53,128.0,5020.0,5.1,4960.0
794,114310.0,51.0,800.0,215.0,,359,8,6.53,128.0,5020.0,5.1,4960.0
795,114310.0,51.0,800.0,215.0,,263,3,6.53,128.0,5020.0,5.1,4822.0
796,114310.0,51.0,800.0,215.0,,275,3,6.53,128.0,5020.0,5.1,4822.0
797,114310.0,51.0,800.0,215.0,,615,14,6.53,128.0,5020.0,5.1,4861.0
798,117927.0,54.0,,206.0,128.0,748,14,6.53,128.0,5020.0,5.1,4846.0
799,117927.0,54.0,,206.0,128.0,1206,47,6.53,64.0,5020.0,5.1,4492.0
800,129837.0,5.0,450.0,180.0,16.0,976,8,6.53,64.0,5020.0,4.0,4316.0
801,110737.0,64.0,800.0,186.0,128.0,1015,13,6.53,128.0,5020.0,4.2,5179.0
802,110737.0,64.0,800.0,186.0,128.0,1142,62,6.53,32.0,5000.0,4.2,3163.0
803,109169.0,64.0,800.0,200.0,128.0,934,36,6.53,32.0,5000.0,4.2,3490.0
804,109169.0,64.0,800.0,200.0,128.0,1123,10,6.53,64.0,5000.0,4.2,3778.0
805,97597.0,64.0,647.0,183.0,128.0,863,29,6.53,32.0,5000.0,5.0,3484.0
806,110279.0,43.0,600.0,180.0,64.0,796,3,6.53,64.0,5000.0,4.2,4256.0
807,110279.0,70.0,1000.0,180.0,64.0,1107,10,6.53,128.0,6000.0,4.2,6064.0
808,114379.0,48.0,650.0,194.0,32.0,544,2,6.53,64.0,6000.0,5.0,5495.0
809,114379.0,66.0,680.0,194.0,,582,3,6.67,128.0,4500.0,5.0,8000.0
810,114379.0,66.0,680.0,194.0,,1138,16,6.67,128.0,4500.0,5.0,7725.0
811,114379.0,66.0,680.0,194.0,,699,7,6.67,256.0,4500.0,5.0,8577.0
812,114379.0,66.0,680.0,194.0,,963,1,6.67,128.0,4700.0,5.0,14108.0
813,114379.0,66.0,680.0,194.0,,669,1,5.5,32.0,4100.0,5.0,2819.0
814,114379.0,66.0,680.0,194.0,,255,1,5.5,64.0,4100.0,5.0,2931.0
815,114379.0,66.0,680.0,194.0,,267,1,5.5,64.0,4100.0,5.0,2931.0
816,114379.0,66.0,680.0,194.0,,945,4,5.5,32.0,4100.0,5.0,2675.0
817,114379.0,66.0,680.0,194.0,,1127,2,5.5,64.0,4100.0,5.0,2809.0
818,114379.0,66.0,680.0,194.0,,781,2,5.5,64.0,4100.0,5.0,2809.0
819,114379.0,66.0,680.0,194.0,,937,2,5.9,32.0,4000.0,5.0,3320.0
820,107878.0,64.0,800.0,175.0,128.0,717,4,5.9,32.0,4000.0,5.0,3671.0
821,107878.0,64.0,800.0,175.0,128.0,347,4,5.9,32.0,4000.0,5.0,3595.0
822,119551.0,5.0,550.0,195.0,32.0,1120,5,5.99,64.0,4000.0,4.0,3451.0
823,95020.0,6.0,600.0,165.0,16.0,514,1,6.26,32.0,4000.0,4.1,3599.0
824,95020.0,6.0,600.0,165.0,16.0,420,2,6.26,64.0,4000.0,4.1,5010.0
825,95020.0,6.0,600.0,165.0,16.0,392,2,6.26,64.0,4000.0,4.1,5010.0
826,95020.0,6.0,600.0,165.0,16.0,1068,3,6.3,64.0,4000.0,4.1,4323.0
827,181324.0,6.0,570.0,252.0,16.0,971,2,6.3,32.0,4000.0,4.0,4304.0
828,181324.0,6.0,570.0,254.0,32.0,912,8,6.3,128.0,4000.0,4.2,5261.0
829,111513.0,43.0,1000.0,199.0,128.0,1171,11,6.3,64.0,4000.0,5.0,4888.0
830,111513.0,43.0,1000.0,199.0,128.0,967,7,6.3,128.0,4000.0,5.0,5514.0
831,99001.0,204.0,754.0,196.0,,771,2,6.3,64.0,4000.0,5.0,5164.0
832,99001.0,204.0,754.0,196.0,,1125,31,6.53,128.0,4500.0,5.0,6811.0
833,110803.0,59.0,,206.0,128.0,1193,39,6.53,64.0,4500.0,4.2,6164.0
834,103052.0,161.0,670.0,208.0,,891,1,6.53,128.0,4500.0,5.0,6630.0
835,103052.0,161.0,670.0,208.0,,607,1,6.3,32.0,4000.0,5.0,6600.0
836,103052.0,161.0,670.0,208.0,,1141,1,6.3,64.0,4000.0,5.0,4899.0
837,103052.0,161.0,670.0,208.0,,465,2,6.53,64.0,5020.0,5.0,4834.0
838,113228.0,57.0,950.0,199.0,,1170,45,6.53,64.0,5020.0,5.1,5085.0
839,113228.0,57.0,950.0,199.0,,1200,49,6.53,128.0,5020.0,5.1,5648.0
840,120439.0,57.0,950.0,198.0,,646,5,6.53,128.0,5020.0,5.0,5210.0
841,120439.0,57.0,950.0,198.0,,757,2,6.67,64.0,5020.0,5.0,7014.0
842,111219.0,59.0,,196.0,64.0,1219,99,6.67,128.0,5020.0,4.2,7427.0
843,121466.0,40.0,820.0,,64.0,1201,102,6.67,64.0,5020.0,5.0,6820.0
844,121466.0,40.0,820.0,,64.0,1196,30,6.67,64.0,5020.0,5.0,5754.0
845,115039.0,43.0,600.0,190.0,128.0,1137,16,6.67,128.0,5020.0,5.0,6576.0
846,115039.0,43.0,600.0,190.0,128.0,763,6,6.53,128.0,5000.0,5.0,8442.0
847,169593.0,5.0,500.0,235.0,32.0,958,10,6.53,64.0,5000.0,4.0,7682.0
848,169593.0,43.0,600.0,235.0,64.0,991,57,6.43,128.0,4025.0,5.0,10221.0
849,169593.0,43.0,600.0,235.0,64.0,1020,54,6.5,256.0,4000.0,5.0,15361.0
850,101246.0,14.0,600.0,183.0,,751,11,6.4,256.0,3765.0,4.2,10341.0
851,109706.0,67.0,900.0,187.0,,1060,20,6.5,256.0,4000.0,4.2,12535.0
852,109706.0,67.0,900.0,187.0,,974,20,6.5,128.0,4000.0,4.2,8450.0
853,169679.0,43.0,600.0,275.0,128.0,349,9,6.57,128.0,4000.0,5.0,10974.0
854,169679.0,43.0,600.0,275.0,128.0,698,2,2.4,,15800.0,5.0,1382.0
855,114830.0,66.0,680.0,203.0,128.0,34,3,5.5,8.0,3000.0,5.0,1697.0
856,114830.0,66.0,680.0,203.0,128.0,84,3,5.5,8.0,3000.0,5.0,1697.0
857,177592.0,5.0,450.0,275.0,16.0,58,2,5.5,64.0,3500.0,4.0,3032.0
858,124240.0,,,,16.0,76,1,1.8,,1000.0,4.2,299.0
859,124240.0,,,,16.0,1,1,1.8,,1000.0,4.2,299.0
860,107496.0,48.0,600.0,169.0,,201,35,1.77,0.032,600.0,4.1,273.0
861,107496.0,48.0,600.0,169.0,,451,4,2.4,,800.0,4.1,499.0
862,165282.0,63.0,700.0,250.0,64.0,461,4,2.4,,800.0,5.0,499.0
863,112647.0,5.0,550.0,150.0,16.0,643,1,5.45,8.0,2000.0,4.2,1499.0
864,112647.0,5.0,550.0,150.0,16.0,591,12,4.7,16.0,4000.0,4.2,6718.0
865,149385.0,10.0,800.0,230.0,,924,20,5.5,32.0,4650.0,4.2,2939.0
866,131379.0,148.0,587.0,240.0,256.0,288,17,5.5,16.0,4650.0,5.1,2707.0
867,131379.0,161.0,670.0,240.0,512.0,300,17,5.5,16.0,4650.0,5.1,2707.0
868,131379.0,161.0,670.0,240.0,512.0,324,17,5.5,16.0,4650.0,5.1,2707.0
869,131379.0,161.0,670.0,240.0,512.0,552,10,5.45,64.0,4650.0,5.1,3590.0
870,168520.0,43.0,600.0,261.0,64.0,557,10,5.45,64.0,4650.0,5.0,3590.0
871,168520.0,43.0,600.0,261.0,64.0,631,12,5.5,32.0,4200.0,5.0,9148.0
872,94791.0,13.0,624.0,173.0,64.0,498,2,5.7,64.0,3000.0,4.2,3245.0
873,94791.0,13.0,624.0,173.0,64.0,727,2,6.2,64.0,3500.0,4.2,4183.0
874,128638.0,47.0,700.0,223.0,128.0,432,1,6.2,64.0,3500.0,5.0,3849.0
875,125684.0,57.0,625.0,215.0,256.0,586,5,6.2,64.0,3500.0,5.0,3957.0
876,103204.0,28.0,550.0,150.0,16.0,784,39,5.65,64.0,3100.0,4.1,13259.0
877,159753.0,43.0,600.0,230.0,32.0,647,8,5.5,64.0,5500.0,5.0,3527.0
878,159753.0,67.0,900.0,230.0,128.0,862,17,5.45,32.0,4000.0,4.2,2872.0
879,91565.0,80.0,710.0,182.0,,986,22,5.71,64.0,5180.0,5.0,4998.0
880,87252.0,62.0,546.0,177.0,,809,31,4.7,32.0,3800.0,4.2,10977.0
881,87252.0,62.0,546.0,177.0,,297,7,5.2,32.0,5580.0,4.2,3789.0
882,87252.0,62.0,546.0,177.0,,336,7,5.2,32.0,5580.0,4.2,3789.0
883,87252.0,62.0,546.0,177.0,,777,53,5.2,64.0,4500.0,4.2,25649.0
884,87252.0,62.0,546.0,177.0,,1051,21,5.7,128.0,4000.0,4.2,19229.0
885,87252.0,62.0,546.0,177.0,,848,36,5.9,128.0,6300.0,4.2,6680.0
886,87252.0,62.0,546.0,177.0,,1053,13,6.3,128.0,10000.0,4.2,6514.0
887,117825.0,5.0,500.0,202.0,8.0,476,6,6.18,128.0,5050.0,4.0,5612.0
888,174006.0,52.0,900.0,264.0,128.0,89,1,6.18,64.0,5050.0,5.0,5299.0
889,174006.0,52.0,900.0,264.0,128.0,39,1,6.18,64.0,5050.0,5.0,5299.0
890,174006.0,52.0,900.0,264.0,128.0,98,1,6.18,64.0,5050.0,5.0,5299.0
891,139214.0,5.0,680.0,,,68,6,6.18,64.0,5050.0,4.2,8071.0
892,139214.0,5.0,680.0,,,955,13,6.3,128.0,5150.0,4.2,8904.0
893,139214.0,5.0,680.0,,,445,7,6.3,256.0,5150.0,4.2,9430.0
894,139214.0,5.0,680.0,,,534,8,6.22,128.0,6350.0,4.2,7791.0
895,139214.0,5.0,680.0,,,139,5,6.22,128.0,6350.0,4.2,7842.0
896,139214.0,5.0,680.0,,,438,4,6.22,128.0,6350.0,4.2,7903.0
897,139214.0,5.0,680.0,,,282,1,3.0,,18800.0,4.2,899.0
898,139214.0,5.0,680.0,,,51,1,5.5,16.0,3000.0,4.2,1799.0
899,139214.0,5.0,680.0,,,99,5,5.5,16.0,3000.0,4.2,2299.0
900,139214.0,5.0,680.0,,,40,5,5.5,16.0,3000.0,4.2,2299.0
901,139214.0,5.0,680.0,,,90,5,5.5,16.0,3000.0,4.2,2299.0
902,139214.0,5.0,680.0,,,72,8,5.5,16.0,3000.0,4.2,2775.0
903,139214.0,5.0,680.0,,,60,1,5.0,16.0,2000.0,4.2,1599.0
904,190908.0,6.0,570.0,253.0,16.0,292,1,1.77,0.032,600.0,4.1,249.0
905,121405.0,57.0,625.0,220.0,,331,1,1.77,0.032,600.0,5.0,249.0
906,170424.0,8.0,660.0,227.0,32.0,593,2,5.5,16.0,2960.0,5.0,2142.0
907,172791.0,7.0,550.0,234.0,32.0,57,3,6.52,32.0,4000.0,5.0,2999.0
908,172791.0,7.0,550.0,234.0,32.0,656,6,6.52,32.0,4000.0,5.0,2321.0
909,150593.0,5.0,598.0,213.0,16.0,1058,49,6.6,128.0,5000.0,4.1,3762.0
910,150593.0,36.0,450.0,213.0,32.0,1074,51,6.6,64.0,5000.0,4.1,3583.0
911,174759.0,43.0,600.0,256.0,64.0,837,38,6.52,32.0,5000.0,5.0,2769.0
912,130326.0,43.0,600.0,225.0,64.0,799,34,6.52,64.0,5000.0,5.0,3193.0
913,163297.0,70.0,1000.0,243.0,64.0,1005,45,6.8,128.0,5000.0,4.1,4129.0
914,163297.0,70.0,1000.0,243.0,64.0,983,44,6.8,64.0,5000.0,4.1,3750.0
915,183849.0,52.0,900.0,285.0,128.0,501,5,8.1,256.0,3577.0,5.0,44232.0
916,183849.0,52.0,900.0,285.0,128.0,86,2,2.4,0.032,2100.0,5.0,1048.0
917,177111.0,5.0,500.0,238.0,16.0,36,2,2.4,0.032,2100.0,4.0,1048.0
918,177111.0,5.0,500.0,238.0,16.0,649,1,5.5,16.0,4080.0,4.0,1949.0
919,177111.0,5.0,500.0,238.0,16.0,648,1,5.5,16.0,4080.0,4.0,1949.0
920,177111.0,43.0,600.0,487.0,64.0,707,41,1.77,,1150.0,5.0,294.0
921,177111.0,43.0,600.0,487.0,64.0,949,17,2.4,,1150.0,5.0,366.0
922,177111.0,43.0,600.0,487.0,64.0,428,30,2.8,,1500.0,5.0,536.0
923,190800.0,8.0,660.0,268.0,32.0,547,28,2.8,,1900.0,4.2,614.0
924,215166.0,67.0,900.0,,128.0,518,3,5.99,128.0,3620.0,4.2,5095.0
925,162792.0,52.0,,268.0,128.0,682,2,5.5,64.0,3000.0,5.1,5649.0
926,182218.0,5.0,500.0,236.0,16.0,20,1,5.5,64.0,3000.0,4.0,5899.0
927,182218.0,5.0,500.0,236.0,16.0,579,10,6.8,256.0,5000.0,4.0,19649.0
928,182218.0,5.0,500.0,236.0,16.0,372,3,6.53,256.0,3500.0,4.0,6615.0
929,267177.0,66.0,680.0,408.0,64.0,354,3,6.53,256.0,3500.0,5.0,6615.0
930,194445.0,24.0,650.0,275.0,64.0,231,1,5.9,128.0,3750.0,4.1,6980.0
931,209670.0,48.0,650.0,284.0,64.0,19,2,1.8,0.032,600.0,5.0,249.0
932,205902.0,24.0,650.0,287.0,32.0,894,26,6.44,128.0,4000.0,4.0,11632.0
933,205902.0,24.0,650.0,287.0,32.0,935,9,6.44,128.0,4000.0,4.0,11360.0
934,182028.0,52.0,900.0,290.0,128.0,684,9,6.44,128.0,4100.0,5.0,8762.0
935,182028.0,52.0,900.0,290.0,128.0,5,14,2.4,0.032,1000.0,5.0,326.0
936,201997.0,67.0,900.0,322.0,128.0,264,20,2.8,0.032,1450.0,4.1,400.0
937,201997.0,67.0,900.0,322.0,128.0,276,20,2.8,0.032,1450.0,4.1,400.0
938,201997.0,67.0,900.0,322.0,128.0,919,2,6.4,128.0,3300.0,4.1,6874.0
939,239598.0,52.0,900.0,,128.0,1081,3,6.4,128.0,4000.0,5.0,9798.0
940,243826.0,67.0,900.0,,128.0,1100,2,6.4,256.0,4000.0,5.0,10499.0
941,243826.0,67.0,900.0,,128.0,344,2,5.7,64.0,4000.0,5.0,6186.0
942,222546.0,67.0,900.0,283.0,128.0,363,2,5.7,64.0,4000.0,4.1,6186.0
943,222546.0,67.0,900.0,283.0,128.0,779,7,6.8,128.0,4300.0,4.1,15525.0
944,170391.0,67.0,900.0,268.0,128.0,9,2,5.5,64.0,5000.0,4.2,3404.0
945,170391.0,67.0,900.0,268.0,128.0,681,7,6.0,64.0,10000.0,4.2,4449.0
946,170391.0,67.0,900.0,268.0,128.0,33,3,6.0,64.0,10000.0,4.2,4433.0
947,170391.0,67.0,900.0,268.0,128.0,728,3,5.5,32.0,8000.0,4.2,3149.0
948,170391.0,67.0,900.0,268.0,128.0,969,14,5.5,64.0,8000.0,4.2,3813.0
949,200793.0,70.0,1000.0,284.0,64.0,1085,13,6.3,128.0,10000.0,4.2,5231.0
950,210703.0,49.0,700.0,310.0,128.0,939,16,6.3,128.0,10000.0,5.0,6628.0
951,210703.0,49.0,700.0,310.0,128.0,932,21,6.53,128.0,8000.0,5.0,9981.0
952,210703.0,49.0,700.0,310.0,128.0,820,11,6.49,64.0,5000.0,5.0,4897.0
953,172307.0,14.0,600.0,251.0,,766,2,6.0,64.0,6200.0,4.0,2823.0
954,172307.0,14.0,600.0,251.0,,944,33,5.0,32.0,2800.0,4.0,7130.0
955,143338.0,80.0,710.0,216.0,,348,2,4.93,16.0,2300.0,5.0,2749.0
956,143338.0,80.0,710.0,216.0,,690,12,2.4,,800.0,5.0,647.0
957,143338.0,80.0,710.0,216.0,,454,6,2.4,0.032,2500.0,5.0,950.0
958,252393.0,67.0,900.0,365.0,64.0,459,6,2.4,0.032,2500.0,4.2,950.0
959,252393.0,67.0,900.0,365.0,64.0,723,37,5.5,128.0,9000.0,4.2,9323.0
960,252393.0,60.0,770.0,365.0,128.0,485,23,5.5,128.0,9000.0,4.1,9348.0
961,203682.0,64.0,800.0,282.0,128.0,903,27,5.7,64.0,6500.0,4.2,6883.0
962,206886.0,52.0,900.0,320.0,128.0,317,52,1.77,,1000.0,5.0,311.0
963,206886.0,52.0,900.0,320.0,128.0,483,109,1.77,,1000.0,5.0,328.0
964,206886.0,52.0,900.0,320.0,128.0,493,41,2.4,,800.0,5.0,730.0
965,212636.0,64.0,750.0,328.0,128.0,830,48,2.8,,3100.0,5.0,684.0
966,132946.0,10.0,600.0,184.0,,149,42,2.8,,3100.0,4.1,687.0
967,211152.0,4.0,400.0,247.0,16.0,400,41,2.8,,3100.0,4.0,682.0
968,149562.0,148.0,587.0,253.0,,410,41,2.8,,3100.0,5.0,682.0
969,149562.0,148.0,587.0,253.0,,277,38,2.8,,3100.0,5.0,680.0
970,274699.0,62.0,,409.0,512.0,541,42,2.4,,3200.0,5.0,815.0
971,274699.0,62.0,,409.0,512.0,320,35,2.4,,3200.0,5.0,819.0
972,186043.0,64.0,800.0,278.0,128.0,584,41,2.8,,1000.0,4.2,879.0
973,194488.0,43.0,600.0,260.0,64.0,286,6,2.8,,1000.0,4.2,818.0
974,248555.0,24.0,650.0,350.0,64.0,496,39,2.4,,4050.0,4.2,570.0
975,248555.0,24.0,650.0,350.0,64.0,491,41,2.4,,4050.0,4.2,569.0
976,121523.0,143.0,720.0,232.0,128.0,776,34,3.2,,2500.0,5.0,705.0
977,274362.0,67.0,900.0,372.0,128.0,832,42,2.4,4.0,2000.0,4.2,1036.0
978,231090.0,66.0,680.0,330.0,128.0,516,39,2.4,,2100.0,4.0,1206.0
979,231090.0,66.0,680.0,330.0,128.0,41,4,2.4,,2100.0,4.0,1225.0
980,231090.0,66.0,680.0,330.0,128.0,136,3,2.4,0.0032,4500.0,4.0,2066.0
981,124499.0,46.0,430.0,210.0,,289,2,2.4,0.0032,4500.0,4.2,2049.0
982,124499.0,46.0,430.0,210.0,,327,2,2.4,0.0032,4500.0,4.2,2049.0
983,124499.0,46.0,430.0,210.0,,598,6,2.2,,1700.0,4.2,1067.0
984,117364.0,16.0,650.0,211.0,,822,42,5.0,8.0,5000.0,4.2,2552.0
985,186710.0,8.0,660.0,315.0,16.0,360,39,5.0,8.0,5000.0,5.0,2546.0
986,110592.0,9.0,450.0,205.0,32.0,368,39,5.0,8.0,5000.0,4.0,2546.0
987,147102.0,,840.0,284.0,,154,1,5.0,8.0,5000.0,5.1,2999.0
988,,148.0,585.0,,128.0,3,1,5.0,8.0,5000.0,5.0,2999.0
989,,148.0,585.0,,128.0,237,27,5.0,16.0,5000.0,5.0,4175.0
990,,148.0,587.0,,,371,25,5.0,16.0,5000.0,5.0,4074.0
991,,148.0,587.0,,,353,25,5.0,16.0,5000.0,5.0,4074.0
992,,148.0,587.0,,,812,8,5.45,32.0,5000.0,5.0,4606.0
993,,57.0,950.0,221.0,128.0,618,8,5.45,32.0,5000.0,5.0,4671.0
994,,67.0,900.0,,64.0,247,1,5.5,32.0,9000.0,4.2,7399.0
995,,67.0,900.0,,64.0,42,2,5.0,32.0,3000.0,4.2,3999.0
996,,67.0,900.0,,64.0,182,38,5.7,16.0,5000.0,4.2,4983.0
997,,67.0,900.0,,64.0,67,3,5.7,32.0,6500.0,4.2,6603.0
998,,67.0,900.0,,64.0,306,39,2.4,,4400.0,4.2,1558.0
