,volume,cpu,gpu,weigth,storage,popularity,sellers_amount,screen_size,memory_size,battery_size,blue,price,model_name
0,142275.0,148.0,585.0,263.0,512.0,422,36,5.0,8.0,2000.0,5.0,1690.0,1 1/8GB Bluish Black (5033D-2JALUAA)
1,142275.0,148.0,585.0,263.0,512.0,323,36,5.0,16.0,2000.0,5.0,1803.0,1 5033D 1/16GB Volcano Black (5033D-2LALUAF)
5,236896.0,67.0,900.0,364.0,64.0,71,2,5.8,64.0,3400.0,4.1,10865.0,10 6/64GB Black
6,236896.0,67.0,900.0,364.0,64.0,424,2,6.21,32.0,3400.0,4.1,3999.0,10 Lite 3/32GB Blue
9,237856.0,5.0,450.0,321.0,16.0,215,8,6.21,64.0,3400.0,4.0,4948.0,10 lite 3/64GB Black
15,340599.0,43.0,750.0,539.0,256.0,507,2,1.8,0.004,800.0,5.0,552.0,105 Dual Sim New Black (A00028315)
18,420210.0,5.0,500.0,604.0,16.0,460,5,1.8,0.004,800.0,4.0,663.0,105 Single Sim New Black (A00028356)
19,420210.0,5.0,500.0,604.0,16.0,455,5,1.8,0.004,800.0,4.0,663.0,105 Single Sim New Black (A00028356)
20,420210.0,5.0,500.0,604.0,16.0,378,2,1.8,0.004,800.0,4.0,474.0,105 Single Sim New Blue (A00028372)
21,420210.0,5.0,500.0,604.0,16.0,59,1,1.8,0.004,800.0,4.0,499.0,105 Single Sim New White (A00028371)
24,420210.0,5.0,500.0,604.0,16.0,532,2,6.21,128.0,3400.0,4.0,5499.0,10i 4/128GB Black (51093VQV)
25,420210.0,5.0,500.0,604.0,16.0,444,2,6.21,128.0,3400.0,4.0,5499.0,10i 4/128GB Blue (51093VQX)
29,420210.0,5.0,500.0,604.0,16.0,490,1,5.45,128.0,3000.0,4.0,6584.0,15 4/128GB Black
30,420210.0,5.0,500.0,604.0,16.0,166,3,5.45,64.0,3000.0,4.0,5272.0,15 4/64GB Black
31,420210.0,5.0,500.0,604.0,16.0,125,3,5.45,64.0,3000.0,4.0,5272.0,15 4/64GB Black
32,420210.0,5.0,500.0,604.0,16.0,116,3,5.45,64.0,3000.0,4.0,5272.0,15 4/64GB Black
33,522587.0,43.0,750.0,756.0,128.0,666,1,5.95,64.0,3500.0,5.0,5328.0,15 Plus 6/64GB Black
34,522587.0,43.0,750.0,756.0,128.0,415,1,5.95,64.0,3500.0,5.0,5328.0,15 Plus 6/64GB Gray
48,77434.0,7.0,550.0,110.0,64.0,790,35,6.22,128.0,4000.0,4.1,3877.0,1SE 4/128GB Agate Green (5030E-2BALUA2)
49,77434.0,7.0,550.0,110.0,64.0,793,35,6.22,128.0,4000.0,4.1,3877.0,1SE 4/128GB Agate Green (5030E-2BALUA2)
50,77434.0,7.0,550.0,110.0,64.0,1052,1,5.71,16.0,3000.0,4.1,2299.0,2.2 2/16GB Black
51,77434.0,7.0,550.0,110.0,64.0,870,2,6.2,32.0,4000.0,4.1,2799.0,2.3 2/32GB Green
52,77434.0,7.0,550.0,110.0,64.0,1031,17,6.5,32.0,4500.0,4.1,3162.0,2.4 2/32GB Charcoal
53,77434.0,7.0,550.0,110.0,64.0,823,1,6.26,128.0,3750.0,4.1,9999.0,20 6/128GB Black
91,102378.0,43.0,1000.0,149.0,128.0,620,2,5.5,32.0,3000.0,5.0,3820.0,6.1 4/32GB Black
92,102378.0,43.0,1000.0,149.0,128.0,798,4,5.5,64.0,3000.0,5.0,3962.0,6.1 4/64GB Black
93,62253.0,2.0,500.0,96.0,8.0,202,1,5.8,64.0,3060.0,4.0,5020.0,6.1 Plus 4/64GB Blue
94,75966.0,2.0,320.0,128.0,4.0,329,1,6.5,64.0,4300.0,3.0,5777.0,6S 4/64GB Eclipse Black
95,75966.0,2.0,320.0,128.0,4.0,291,1,6.5,64.0,4300.0,3.0,5777.0,6S 4/64GB Eclipse Black
96,78390.0,5.0,400.0,101.0,8.0,953,5,6.5,128.0,4300.0,4.0,6078.0,6S 6/128GB Lunar White
97,78390.0,5.0,400.0,101.0,8.0,661,8,6.41,256.0,3700.0,4.0,15625.0,6T 8/256GB Midnight Black
98,160704.0,4.0,400.0,173.0,8.0,989,17,6.5,64.0,5000.0,4.0,4292.0,6i 3/64GB White
99,88595.0,5.0,450.0,134.0,8.0,1042,27,6.5,128.0,5000.0,4.2,4946.0,6i 4/128GB Green
100,88595.0,5.0,450.0,134.0,8.0,158,1,5.2,16.0,3100.0,4.2,2766.0,7 16GB (Gold)
101,88595.0,5.0,450.0,134.0,8.0,133,1,5.2,16.0,3100.0,4.2,2766.0,7 16GB (Gold)
106,79466.0,4.0,450.0,134.0,8.0,1179,23,6.4,128.0,4500.0,4.0,8584.0,7 Pro 8/128GB Mirror Blue
107,97346.0,5.0,600.0,143.0,16.0,1067,11,6.55,256.0,4300.0,4.2,17172.0,8 12/256GB Onyx Black
108,97346.0,5.0,600.0,143.0,16.0,535,3,5.2,32.0,3000.0,4.2,3613.0,8 3/32GB Blue
109,82256.0,5.0,450.0,150.0,16.0,693,1,5.2,64.0,3000.0,5.0,3499.0,8 4/64GB (Blue)
110,89107.0,63.0,700.0,162.0,64.0,1155,13,6.55,128.0,4300.0,5.0,15840.0,8 8/128GB Onyx Black
111,81120.0,62.0,546.0,155.0,64.0,626,1,5.3,64.0,3090.0,5.0,6222.0,8 Dual SIM Silver
120,83571.0,6.0,570.0,130.0,16.0,767,1,5.7,32.0,3020.0,4.2,2499.0,8S 2/32GB Black (51093ULM)
121,98039.0,5.0,600.0,140.0,8.0,769,1,5.7,32.0,3020.0,4.2,2499.0,8S 2/32GB Black (51093ULM)
122,82811.0,218.0,800.0,163.0,128.0,938,2,6.55,256.0,4500.0,5.0,23999.0,8T 12/256GB Cyberpunk 2077 Limited Edition
123,82811.0,218.0,800.0,163.0,128.0,1159,29,6.55,256.0,4500.0,5.0,18200.0,8T 12/256GB Lunar Silver
124,72520.0,13.0,624.0,139.0,128.0,1157,35,6.55,128.0,4500.0,4.2,16845.0,8T 8/128GB Aquamarine Green
125,96032.0,5.0,500.0,140.0,16.0,694,2,7.12,64.0,5000.0,4.2,5652.0,8x Max 4/64GB Black
126,96032.0,5.0,500.0,140.0,16.0,697,2,7.12,64.0,5000.0,4.2,5652.0,8x Max 4/64GB Black
129,86299.0,25.0,770.0,141.0,32.0,142,3,5.65,32.0,3000.0,5.0,3491.0,9 Lite 3/32GB Midnight Black
130,86299.0,25.0,770.0,141.0,32.0,342,2,5.84,32.0,3000.0,5.0,3424.0,9i 3/32GB Black
131,85850.0,5.0,598.0,170.0,32.0,361,2,5.84,32.0,3000.0,4.1,3424.0,9i 3/32GB Black
132,85850.0,5.0,598.0,170.0,32.0,216,1,5.84,64.0,3000.0,4.1,4009.0,9i 4/64GB Blue
133,82602.0,40.0,820.0,152.0,64.0,180,1,5.84,64.0,3000.0,5.0,4009.0,9i 4/64GB Blue
136,97090.0,5.0,500.0,212.0,16.0,384,26,2.4,0.032,2000.0,4.0,834.0,A1 Dual Gold
151,101274.0,5.0,450.0,159.0,16.0,204,1,1.77,0.032,800.0,4.0,279.0,A173 Black/Orange
152,81495.0,57.0,625.0,151.0,128.0,295,1,2.4,0.032,1000.0,5.0,359.0,A225 Black
165,100332.0,5.0,450.0,183.0,16.0,650,4,5.5,16.0,2650.0,4.2,1599.0,A5L+ 2/16GB Grey
166,100332.0,5.0,450.0,183.0,16.0,478,2,6.2,32.0,4230.0,4.2,3266.0,A5s 3/32Gb Blue
167,87997.0,8.0,660.0,146.0,32.0,857,42,6.1,16.0,4080.0,4.2,1910.0,A60 1/16GB Black
168,87997.0,8.0,660.0,146.0,32.0,1027,8,6.08,64.0,4080.0,4.2,2831.0,A60 Plus 4/64GB Black
173,98405.0,5.0,680.0,160.0,32.0,419,2,6.3,64.0,4150.0,4.2,3327.0,A7 Pro 4/64GB Black
174,98405.0,5.0,680.0,160.0,32.0,948,11,6.5,128.0,5000.0,4.2,6867.0,A72 4/128GB Aurora Purple
175,98405.0,5.0,680.0,160.0,32.0,1097,55,6.44,128.0,4015.0,4.2,6615.0,A73 4/128GB Navy Blue
176,89750.0,46.0,430.0,151.0,64.0,622,1,6.53,32.0,4150.0,5.0,2479.0,A7S 2/32GB Black
178,89750.0,46.0,430.0,151.0,64.0,578,10,6.21,16.0,4200.0,5.0,2232.0,A80 2/16GB Red
179,101984.0,6.0,650.0,135.0,8.0,1018,26,6.49,64.0,4680.0,4.1,3250.0,A80 Pro 4/64GB Black
180,89937.0,177.0,600.0,175.0,128.0,73,1,6.5,128.0,5000.0,5.1,6039.0,A9 2020 4/128GB Marine Green
182,89473.0,148.0,587.0,181.0,256.0,797,10,5.99,32.0,5400.0,5.1,5851.0,A9 4/32GB Black
183,89473.0,148.0,587.0,181.0,256.0,704,14,5.99,64.0,5400.0,5.1,6900.0,A9 4/64GB Black
184,89473.0,148.0,587.0,181.0,256.0,1124,21,6.4,128.0,4025.0,5.1,8141.0,A91 8/128GB Black
185,89473.0,148.0,587.0,181.0,256.0,316,11,2.4,0.064,1500.0,5.1,294.0,AS-201 Dual Sim Blue
186,78570.0,5.0,450.0,159.0,16.0,377,20,2.2,0.032,1000.0,4.0,398.0,AS-203 Dual Sim Black
187,78570.0,5.0,450.0,159.0,16.0,155,1,5.0,32.0,3500.0,4.0,3460.0,Action-X3 3/32GB Black
188,100971.0,5.0,680.0,150.0,32.0,632,7,5.99,64.0,2900.0,4.1,7827.0,Aquos D10 4/64GB Black
189,100971.0,5.0,680.0,150.0,32.0,146,5,6.67,128.0,5800.0,4.1,12913.0,Armor 10 5G 8/128GB Black
192,79815.0,43.0,621.0,155.0,64.0,671,10,6.3,128.0,5500.0,4.1,7958.0,Armor 7E 4/128GB Black
193,79815.0,43.0,621.0,155.0,64.0,673,10,6.3,128.0,5500.0,4.1,7958.0,Armor 7E 4/128GB Black
194,96762.0,5.0,598.0,145.0,16.0,865,29,6.1,64.0,5500.0,4.2,5943.0,Armor 8 4/64GB Black (6937748733744)
195,87000.0,5.0,550.0,144.0,32.0,1009,20,6.3,128.0,6600.0,4.0,15611.0,Armor 9 8/128GB Black (6937748733515)
200,84155.0,51.0,725.0,149.0,32.0,395,29,5.5,32.0,5000.0,4.2,3155.0,Armor X3 2/32GB Black
203,72694.0,4.0,400.0,120.0,16.0,662,38,5.0,16.0,4000.0,4.1,2786.0,Armor X6 2/16GB Orange
208,85650.0,148.0,585.0,168.0,256.0,110,1,5.45,8.0,4000.0,5.0,1699.0,B1P DS Champagne Gold
209,85650.0,148.0,585.0,168.0,256.0,160,1,5.45,8.0,4000.0,5.0,1699.0,B1P DS Champagne Gold
210,85650.0,204.0,754.0,168.0,256.0,390,30,2.0,0.064,1300.0,5.0,646.0,B200RX (White)
211,91613.0,148.0,585.0,167.0,128.0,599,28,2.0,0.064,1300.0,5.0,655.0,B200RX (Yellow)
212,84576.0,14.0,653.0,163.0,128.0,448,19,2.4,0.032,1200.0,4.2,400.0,B241 Black
214,84576.0,14.0,653.0,163.0,128.0,49,1,5.0,8.0,2500.0,4.2,1715.0,B505 Unit 4G Dual Sim Black
215,84576.0,14.0,653.0,163.0,128.0,25,1,5.5,64.0,5050.0,4.2,3107.0,BL5000 Black (6924351609900)
216,84576.0,14.0,653.0,163.0,128.0,94,1,5.5,64.0,5050.0,4.2,3107.0,BL5000 Black (6924351609900)
221,87019.0,80.0,710.0,162.0,128.0,515,13,5.7,128.0,5580.0,5.0,4727.0,BV5100 4/128GB Green
222,87019.0,80.0,710.0,162.0,128.0,138,22,5.7,128.0,5580.0,5.0,6789.0,BV5100 Pro 4/128GB Black
223,87019.0,80.0,710.0,162.0,128.0,772,54,5.5,16.0,4400.0,5.0,2596.0,BV5500 2/16GB Black
224,87019.0,80.0,710.0,162.0,128.0,1023,25,5.5,32.0,4400.0,5.0,2720.0,BV5500 Plus 3/32GB Black
225,105120.0,5.0,500.0,143.0,16.0,553,47,5.5,16.0,4400.0,4.0,3566.0,BV5500 Pro 3/16GB Black
226,98596.0,148.0,585.0,191.0,128.0,548,47,5.5,16.0,4400.0,5.0,3566.0,BV5500 Pro 3/16GB Black
227,94752.0,44.0,504.0,205.0,128.0,425,1,5.5,16.0,5580.0,5.0,2394.0,BV5800 Pro 2/16GB Black
228,94752.0,44.0,504.0,205.0,128.0,659,26,5.7,32.0,5580.0,5.0,3668.0,BV5900 3/32GB Black
229,92018.0,5.0,700.0,154.0,16.0,806,23,6.88,16.0,5580.0,4.2,3386.0,BV6100 3/16GB Black
230,92018.0,5.0,700.0,154.0,16.0,849,29,5.7,32.0,4380.0,4.2,3762.0,BV6300 3/32GB Black
231,90088.0,6.0,357.0,165.0,32.0,882,28,5.7,128.0,4380.0,4.0,5418.0,BV6300 Pro 6/128GB Black
233,104111.0,5.0,550.0,162.0,16.0,764,10,5.84,64.0,5580.0,4.2,4793.0,BV6900 4/64GB Black
234,97294.0,5.0,550.0,151.0,16.0,536,19,5.0,64.0,4180.0,4.2,4584.0,BV8000 Pro Lion Gold
235,98116.0,143.0,720.0,189.0,256.0,525,19,5.0,64.0,4180.0,5.0,4584.0,BV8000 Pro Lion Gold
236,88305.0,5.0,500.0,157.0,16.0,954,13,6.3,64.0,13000.0,4.0,5355.0,BV9100 4/64GB Black
237,101747.0,16.0,650.0,180.0,32.0,562,5,5.7,64.0,10000.0,4.2,6356.0,BV9500 Black
241,96113.0,5.0,550.0,160.0,16.0,129,20,6.21,64.0,5580.0,4.0,6072.0,BV9600 4/64GB Silver
245,91011.0,30.0,550.0,155.0,32.0,898,20,5.84,128.0,4380.0,4.2,6967.0,BV9700 Pro 6/128GB Black
246,91011.0,30.0,550.0,155.0,32.0,77,3,5.84,128.0,4380.0,4.2,7686.0,BV9700 Pro 6/128GB Black + Night Vision Camera
247,91011.0,30.0,550.0,155.0,32.0,293,14,6.3,128.0,6580.0,4.2,10064.0,BV9800 6/128Gb Black
248,91011.0,30.0,550.0,155.0,32.0,332,14,6.3,128.0,6580.0,4.2,10064.0,BV9800 6/128Gb Black
249,91011.0,30.0,550.0,155.0,32.0,879,30,6.3,128.0,6580.0,4.2,10436.0,BV9800 Pro 6/128GB Orange
250,91011.0,30.0,550.0,155.0,32.0,732,14,5.84,256.0,4380.0,4.2,9916.0,BV9900 8/256GB Black
254,86858.0,48.0,650.0,159.0,64.0,150,2,6.39,128.0,4000.0,5.0,15149.0,Black Shark 2 Pro 8/128GB Black
255,82257.0,59.0,1000.0,159.0,256.0,43,11,6.39,128.0,4000.0,4.2,15399.0,Black Shark 2 Pro 8/128GB Iceberg Grey
256,82257.0,59.0,1000.0,159.0,256.0,726,4,6.67,256.0,4720.0,4.2,18319.0,Black Shark 3 12/256GB Black
260,100853.0,48.0,650.0,164.0,64.0,700,56,5.45,32.0,2600.0,4.2,2016.0,Blade A3 2020 1/32GB Blue
262,110918.0,5.0,500.0,150.0,16.0,446,47,5.45,32.0,2600.0,4.0,2021.0,Blade A3 2020 1/32GB Red
263,110918.0,5.0,500.0,150.0,16.0,782,1,5.45,16.0,2600.0,4.0,1999.0,Blade A5 2/16GB Black
264,110918.0,5.0,500.0,150.0,16.0,601,1,5.45,16.0,2600.0,4.0,1999.0,Blade A5 2/16GB Blue
265,110918.0,5.0,500.0,150.0,16.0,594,1,5.45,16.0,2600.0,4.0,1999.0,Blade A5 2/16GB Blue
266,110918.0,6.0,570.0,150.0,16.0,706,4,5.45,32.0,2600.0,4.0,2257.0,Blade A5 2/32GB Black
267,110918.0,6.0,570.0,150.0,16.0,529,8,5.45,32.0,2600.0,4.0,2435.0,Blade A5 2/32GB Blue
268,110918.0,6.0,570.0,150.0,16.0,942,44,6.08,32.0,3200.0,4.0,2517.0,Blade A5 2020 2/32GB Black
270,101861.0,148.0,587.0,192.0,256.0,1016,56,6.08,32.0,4000.0,5.1,2783.0,Blade A7 2020 2/32GB Gradient
271,101861.0,148.0,587.0,192.0,256.0,1071,53,6.08,64.0,4000.0,5.1,3154.0,Blade A7 2020 3/64GB Gradient
272,93701.0,70.0,650.0,178.0,256.0,775,38,6.5,64.0,4000.0,5.2,3052.0,Blade A7S 2/64GB Blue
273,93701.0,70.0,650.0,178.0,256.0,642,39,6.0,32.0,2600.0,5.2,1801.0,Blade L210 1/32GB Black
274,93701.0,70.0,650.0,178.0,256.0,399,42,6.0,32.0,2600.0,5.2,1789.0,Blade L210 1/32GB Blue
276,101473.0,10.0,800.0,156.0,64.0,750,44,5.0,16.0,2000.0,5.0,1552.0,Blade L8 1/16GB Black
277,86788.0,57.0,950.0,163.0,128.0,691,45,5.0,16.0,2000.0,5.0,1529.0,Blade L8 1/16GB Blue
285,95432.0,30.0,550.0,152.0,32.0,634,1,6.1,32.0,4000.0,4.2,2899.0,C2 2/32GB Diamond Black
286,96549.0,48.0,650.0,160.0,32.0,1044,11,6.4,64.0,4000.0,4.2,3276.0,C21 4/64GB Black
291,87604.0,47.0,840.0,173.0,128.0,625,4,6.4,128.0,4200.0,5.2,5671.0,C30 8/128GB Black
292,82821.0,24.0,520.0,145.0,32.0,307,1,5.0,4.0,2000.0,4.2,1150.0,C552 Black
293,82821.0,24.0,520.0,145.0,32.0,319,1,5.0,4.0,2000.0,4.2,1150.0,C552 Red
295,103949.0,30.0,770.0,172.0,32.0,161,1,5.45,32.0,3000.0,5.0,2618.0,C9 Pro 3/32GB Black
296,92767.0,67.0,900.0,172.0,128.0,111,1,5.45,32.0,3000.0,5.0,2618.0,C9 Pro 3/32GB Black
300,90722.0,36.0,450.0,157.0,32.0,876,6,6.6,64.0,5000.0,4.2,4057.0,Camon 15 4/64GB Dark Jade (4895180755057)
301,90722.0,36.0,450.0,157.0,32.0,252,3,6.6,128.0,5000.0,4.2,4299.0,Camon 15 CD7 4/128GB Fascinating Purple (4895180759550)
308,97532.0,143.0,720.0,192.0,256.0,271,2,5.5,64.0,4060.0,5.0,3968.0,Cool Play 6 6/64GB Black
310,104737.0,36.0,450.0,157.0,32.0,245,5,5.0,16.0,2000.0,4.2,2059.0,Core 50 16GB Red
311,104737.0,36.0,450.0,157.0,32.0,159,1,5.5,16.0,2700.0,4.2,1979.0,D6 Pro 2/16GB Black
312,104737.0,36.0,450.0,157.0,32.0,109,1,5.5,16.0,2700.0,4.2,1979.0,D6 Pro 2/16GB Black
313,83238.0,44.0,504.0,154.0,64.0,494,1,5.5,32.0,3000.0,5.0,2884.0,D855 G3 32GB (Silk White)
321,88655.0,154.0,675.0,183.0,256.0,335,24,2.4,0.032,3000.0,5.0,546.0,E240 Power DualSim Black (680576170088)
322,89886.0,161.0,670.0,183.0,256.0,296,24,2.4,0.032,3000.0,5.1,546.0,E240 Power DualSim Black (680576170088)
330,90625.0,59.0,1000.0,164.0,128.0,929,5,6.5,64.0,5000.0,4.2,4217.0,E7 Plus 4/64GB Misty Blue (PAKX0008RS)
331,90625.0,59.0,1000.0,164.0,128.0,1131,20,6.7,128.0,4500.0,4.2,15017.0,Edge 5G 6/128GB Dual Black (XT2063-3)
333,111594.0,8.0,660.0,178.0,32.0,523,6,1.77,0.032,1000.0,5.0,373.0,F186 Solace DS Silver
339,99442.0,30.0,550.0,180.0,32.0,113,1,2.4,0.032,1800.0,4.0,379.0,F243 Swift Dual Sim Blue
347,101368.0,57.0,950.0,168.0,32.0,600,8,5.3,16.0,3020.0,5.2,1610.0,F534L 2018 DualSim Black
348,101368.0,57.0,950.0,168.0,32.0,473,3,5.3,16.0,3020.0,5.2,1599.0,F534L 2018 DualSim Gold
349,106560.0,6.0,600.0,178.0,32.0,181,2,5.7,16.0,3020.0,4.0,2167.0,F572L 2018 DualSim Red
351,93386.0,57.0,625.0,168.0,128.0,442,32,2.4,0.032,1700.0,5.0,474.0,FF243 (Black)
352,93386.0,57.0,625.0,168.0,128.0,905,55,2.4,0.032,4000.0,5.0,557.0,FF249 Dual Sim Black
354,113711.0,8.0,660.0,172.0,64.0,653,28,2.8,0.032,1400.0,4.2,547.0,FF281 Dual Sim (Black)
355,113711.0,8.0,660.0,172.0,64.0,502,19,2.8,0.032,1400.0,4.2,545.0,FF281 Silver
356,93387.0,57.0,950.0,171.0,128.0,590,2,6.7,256.0,4200.0,5.0,29999.0,Find X2 12/256GB Ocean Black
363,97199.0,57.0,625.0,180.0,128.0,674,1,5.7,64.0,3300.0,5.1,4099.0,G6 G600L 4/64GB Platinum
364,84588.0,6.0,600.0,130.0,16.0,96,1,5.7,128.0,3300.0,4.0,8009.0,G6 Plus 128GB Gold
365,87971.0,63.0,700.0,165.0,64.0,27,1,5.7,128.0,3300.0,5.0,8009.0,G6 Plus 128GB Gold
366,208838.0,43.0,600.0,202.0,64.0,686,2,6.2,64.0,3000.0,5.0,4849.0,G7 4/64GB Ceramic Black (XT1962-6)
367,208838.0,43.0,600.0,202.0,64.0,1030,2,6.1,64.0,3000.0,5.0,5571.0,G7 ThinQ 4/64GB Aurora Black (LMG710EMW.ACISBK)
378,113574.0,47.0,700.0,208.0,256.0,845,2,5.1,32.0,2550.0,5.0,3529.0,G920F Galaxy S6 32GB (White Pearl)
379,88327.0,47.0,700.0,172.0,128.0,325,1,5.1,32.0,2600.0,5.1,4511.0,G925F Galaxy S6 Edge 32GB (White Pearl)
380,88327.0,47.0,700.0,172.0,128.0,605,1,5.5,32.0,3600.0,5.1,5930.0,G935FD Galaxy S7 Edge 32GB Gold (SM-G935FZDU)
381,109385.0,52.0,1000.0,197.0,256.0,1163,33,5.7,16.0,3000.0,5.2,2940.0,Galaxy A01 2/16GB Black (SM-A015FZKD)
382,87223.0,64.0,1000.0,175.0,64.0,1073,50,5.3,16.0,3000.0,4.0,2344.0,Galaxy A01 Core 1/16GB Black (SM-A013FZKD)
385,94246.0,52.0,700.0,185.0,64.0,1036,40,6.4,32.0,4000.0,4.2,4101.0,Galaxy A11 2/32GB Black (SM-A115FZKN)
386,94805.0,57.0,625.0,180.0,128.0,1008,63,6.5,32.0,5000.0,5.0,4473.0,Galaxy A12 SM-A125F 3/32GB Black (SM-A125FZKUSEK)
387,104007.0,49.0,750.0,182.0,128.0,1092,57,6.5,64.0,5000.0,5.0,4977.0,Galaxy A12 SM-A125F 4/64GB Black (SM-A125FZKVSEK)
390,116763.0,148.0,587.0,200.0,512.0,1040,9,5.8,32.0,3000.0,5.0,4595.0,Galaxy A20e SM-A202F 3/32GB Black SM-A202FZKD
393,136903.0,4.0,400.0,200.0,16.0,1059,46,6.5,32.0,5000.0,4.1,5174.0,Galaxy A21s 3/32GB Black (SM-A217FZKN)
419,94929.0,64.0,800.0,230.0,128.0,173,11,6.7,128.0,4500.0,4.2,8965.0,Galaxy A70 2019 SM-A7050 6/128GB Blue
420,97099.0,47.0,840.0,179.0,128.0,209,11,6.7,128.0,4500.0,5.3,8965.0,Galaxy A70 2019 SM-A7050 6/128GB Blue
421,110573.0,52.0,700.0,174.0,32.0,222,11,6.7,128.0,4500.0,4.2,8965.0,Galaxy A70 2019 SM-A7050 6/128GB Blue
426,92293.0,30.0,770.0,169.0,32.0,93,5,6.0,32.0,3500.0,5.0,7253.0,Galaxy A8+ 2018 32GB Orchid Gray (SM-A730FZVD)
435,109584.0,16.0,565.0,190.0,128.0,330,10,7.3,512.0,4235.0,5.1,37173.0,Galaxy Fold 5G SM-F907B 12/512GB Silver
437,96604.0,80.0,710.0,185.0,256.0,132,6,6.22,16.0,3400.0,5.0,4268.0,Galaxy M10 SM-M105F 2/16GB Black (SM-M105GDAG)
438,90174.0,43.0,950.0,179.0,128.0,157,6,6.22,16.0,3400.0,5.1,4268.0,Galaxy M10 SM-M105F 2/16GB Black (SM-M105GDAG)
439,107913.0,49.0,700.0,191.0,64.0,107,6,6.22,16.0,3400.0,5.0,4268.0,Galaxy M10 SM-M105F 2/16GB Black (SM-M105GDAG)
440,107913.0,49.0,700.0,191.0,64.0,270,1,6.22,32.0,3400.0,5.0,4100.0,Galaxy M10 SM-M105F 3/32GB Black
441,107913.0,49.0,700.0,191.0,64.0,258,1,6.22,32.0,3400.0,5.0,4100.0,Galaxy M10 SM-M105F 3/32GB Black
442,116400.0,49.0,700.0,191.0,64.0,64,2,6.22,32.0,3400.0,5.0,4095.0,Galaxy M10 SM-M105F 3/32GB Blue
443,116400.0,49.0,700.0,191.0,64.0,145,3,6.4,32.0,4000.0,5.0,4882.0,Galaxy M10S M107F 3/32GB Black
450,101800.0,72.0,1114.0,185.0,64.0,568,5,6.3,256.0,3500.0,5.1,21353.0,Galaxy Note 10 SM-N9700 8/256GB Black (SM-N9700ZKD)
451,101800.0,72.0,1114.0,185.0,64.0,658,14,6.3,256.0,3500.0,5.1,21852.0,Galaxy Note 10 SM-N9700 8/256GB White
454,100647.0,40.0,600.0,185.0,64.0,421,1,6.8,512.0,4300.0,4.2,27124.0,Galaxy Note 10+ SM-N9750 12/512GB Black
455,100647.0,40.0,600.0,185.0,64.0,1113,49,6.8,256.0,4300.0,4.2,23920.0,Galaxy Note 10+ SM-N975F 12/256GB Black (SM-N975FZKD)
456,104280.0,40.0,845.0,190.0,128.0,233,3,6.8,512.0,4300.0,5.0,27973.0,Galaxy Note 10+ SM-N975F 12/512GB Aura Black
457,104280.0,40.0,845.0,190.0,128.0,744,3,6.3,64.0,3300.0,5.0,9923.0,Galaxy Note 8 64GB Gold
458,109350.0,43.0,600.0,192.0,64.0,184,6,6.3,128.0,3300.0,4.2,18114.0,Galaxy Note 8 N950F Single sim 128GB Black
472,91613.0,69.0,767.0,172.0,128.0,1146,33,6.9,256.0,4500.0,4.2,30008.0,Galaxy Note20 Ultra 5G SM-N9860 12/256GB Mystic Black
475,111190.0,62.0,850.0,191.0,128.0,1147,38,6.9,256.0,4500.0,5.0,32669.0,Galaxy Note20 Ultra SM-N985F 8/256GB Mystic Bronze (SM-N985FZNG)
483,105263.0,46.0,600.0,188.0,128.0,795,22,6.4,1000.0,4000.0,5.0,23137.0,Galaxy S10+ SM-G975 DS 1TB Ceramic White (SM-G975FCWH)
484,96841.0,43.0,621.0,175.0,64.0,910,26,6.4,512.0,4000.0,4.1,21304.0,Galaxy S10+ SM-G975 DS 512GB Black (SM-G975FCKG)
485,96841.0,43.0,621.0,175.0,64.0,828,28,6.4,512.0,4000.0,4.1,19878.0,Galaxy S10+ SM-G975 DS 512GB White (SM-G975FCWG)
487,103530.0,30.0,550.0,175.0,128.0,403,1,6.4,512.0,4000.0,4.2,18739.0,Galaxy S10+ SM-G975 SS 512GB White
490,100864.0,161.0,670.0,192.0,256.0,66,3,6.4,1000.0,4000.0,5.0,21454.0,Galaxy S10+ SM-G9750 DS 1TB Black
492,121618.0,60.0,770.0,208.0,128.0,499,1,5.8,128.0,3100.0,4.1,12499.0,Galaxy S10e SM-G9700 DS 128GB Black
517,178754.0,66.0,680.0,286.0,64.0,1136,26,6.8,512.0,5000.0,4.2,42649.0,Galaxy S21 Ultra 16/512GB Phantom Black (SM-G998BZKHSEK)
518,178754.0,66.0,680.0,286.0,64.0,979,32,6.7,128.0,4800.0,4.2,31574.0,Galaxy S21+ 8/128GB Phantom Black (SM-G996BZKDSEK)
519,110921.0,45.0,650.0,188.0,32.0,1006,27,6.7,256.0,4800.0,4.2,33443.0,Galaxy S21+ 8/256GB Phantom Black (SM-G996BZKGSEK)
520,110921.0,45.0,650.0,188.0,32.0,824,1,5.1,32.0,3000.0,4.2,5400.0,Galaxy S7 G930F 32GB (Black)
521,106842.0,67.0,900.0,186.0,64.0,685,3,5.1,32.0,3000.0,4.2,7782.0,Galaxy S7 G930F 32GB (Gold)
522,103217.0,8.0,660.0,183.0,32.0,908,2,5.8,64.0,3000.0,5.0,7864.0,Galaxy S8 64GB Blue
523,89759.0,64.0,647.0,170.0,64.0,886,1,5.8,64.0,3000.0,5.0,7640.0,Galaxy S8 G950F Single Sim 64GB Black
524,89759.0,64.0,647.0,170.0,64.0,871,7,6.2,64.0,3500.0,5.0,10787.0,Galaxy S8+ 64GB Black (SM-G955FZKD)
525,89759.0,64.0,647.0,170.0,64.0,664,1,6.2,64.0,3500.0,5.0,8709.0,Galaxy S8+ SM-G955U 64GB Black
526,89759.0,64.0,647.0,170.0,64.0,167,1,5.8,128.0,3000.0,5.0,14990.0,Galaxy S9 SM-G960 DS 128GB Black (SM-G960FZKG)
529,160875.0,6.0,570.0,225.0,16.0,92,8,5.8,128.0,3000.0,4.0,16798.0,Galaxy S9 SM-G960 DS 128GB Blue
530,160875.0,6.0,570.0,225.0,16.0,101,8,5.8,128.0,3000.0,4.0,16798.0,Galaxy S9 SM-G960 DS 128GB Blue
531,160875.0,6.0,570.0,225.0,32.0,17,1,5.8,128.0,3000.0,4.0,13720.0,Galaxy S9 SM-G960 DS 128GB Grey (SM-G960FZAG)
532,160875.0,6.0,570.0,225.0,32.0,249,9,5.8,128.0,3000.0,4.0,13537.0,Galaxy S9 SM-G960 DS 128GB Purple (SM-G960FZPG)
537,96640.0,63.0,700.0,167.0,64.0,285,6,6.2,128.0,3500.0,5.0,13525.0,Galaxy S9+ SM-G965 DS 128GB Grey
539,99376.0,57.0,625.0,185.0,128.0,517,15,6.2,256.0,3500.0,5.0,14532.0,Galaxy S9+ SM-G965 DS 256GB Black (SM-G965FZKH)
540,100171.0,64.0,750.0,184.0,128.0,1135,16,6.2,64.0,3500.0,5.0,13837.0,Galaxy S9+ SM-G965 DS 64GB Black (SM-G965FZKD)
541,100171.0,57.0,950.0,184.0,128.0,696,13,6.7,256.0,3300.0,5.0,22434.0,Galaxy Z Flip 5G SM-F707 8/256GB Mystic Bronze
542,102707.0,66.0,680.0,180.0,128.0,1029,16,6.7,256.0,3300.0,5.0,35015.0,Galaxy Z Flip SM-F700 8/256GB Mirror Purple (SM-F700FZPD)
543,113983.0,52.0,955.0,182.0,128.0,1099,33,7.6,256.0,4500.0,5.1,51460.0,Galaxy Z Fold2 12/256GB Mystic Black (SM-F916BZKQ)
544,113983.0,52.0,955.0,182.0,128.0,207,6,2.8,0.032,950.0,5.1,460.0,Grace A1 1281 Dual Sim Red (PFP1281DUORED)
545,111006.0,8.0,660.0,190.0,32.0,191,1,5.2,32.0,2700.0,4.2,4189.0,H791 Nexus 5X 32GB (Mint)
546,111006.0,8.0,660.0,190.0,32.0,225,1,5.2,32.0,2700.0,4.2,4189.0,H791 Nexus 5X 32GB (Mint)
572,112550.0,57.0,950.0,195.0,128.0,890,33,6.5,32.0,4000.0,5.0,3325.0,M10 3/32GB Black
573,112550.0,57.0,950.0,195.0,128.0,119,13,6.5,32.0,4000.0,5.0,3608.0,M10 3/32GB Blue
577,95719.0,64.0,647.0,186.0,64.0,651,2,5.5,16.0,4000.0,5.0,3281.0,M6 Note 3/16GB Black
582,115051.0,46.0,600.0,200.0,64.0,482,9,5.7,64.0,3100.0,5.0,3726.0,M8 4/64GB Blue
583,114854.0,57.0,950.0,200.0,64.0,169,3,6.0,64.0,4060.0,5.0,3682.0,MIX 2 6/64GB Black
584,114961.0,66.0,680.0,200.0,64.0,453,11,1.4,0.032,460.0,4.2,563.0,MM111
585,114961.0,66.0,680.0,200.0,64.0,458,11,1.4,0.032,460.0,4.2,563.0,MM111
596,120032.0,66.0,680.0,207.0,64.0,206,1,5.9,128.0,4000.0,5.0,13733.0,Mate 10 6/128GB Gold
597,120032.0,66.0,680.0,207.0,64.0,606,4,6.0,256.0,4000.0,5.0,14257.0,Mate 10 6/256GB Porsche Design
598,120032.0,66.0,680.0,207.0,64.0,566,2,6.53,64.0,4000.0,5.0,13612.0,Mate 20 DS 6/64GB Black
599,120032.0,66.0,680.0,207.0,64.0,785,3,6.0,256.0,4000.0,5.0,13782.0,Mate RS Porsche Design 6/256GB Black
601,101429.0,148.0,585.0,192.0,128.0,926,9,6.57,128.0,4160.0,5.0,11104.0,Mi 10 Lite 6/128GB Cosmic Grey
610,106141.0,7.0,550.0,177.0,32.0,1168,12,6.67,256.0,5000.0,4.1,16756.0,Mi 10T Pro 8/256GB Cosmic Black
611,106141.0,7.0,550.0,177.0,32.0,393,1,6.44,64.0,5300.0,4.1,3989.0,Mi Max 2 4/64GB Black
612,106141.0,7.0,550.0,177.0,32.0,558,1,6.47,64.0,5260.0,4.1,8999.0,Mi Note 10 Lite 6/64GB Purple
615,121250.0,24.0,650.0,210.0,64.0,559,4,6.0,64.0,4200.0,4.0,2865.0,Mix 2 M2 4/64GB Blue
619,118015.0,46.0,430.0,170.0,64.0,183,1,6.0,32.0,5000.0,5.0,4090.0,Moto E5 Plus XT1924-1 DualSim Black (PABA0014UA)
621,113411.0,14.0,600.0,196.0,32.0,441,7,5.0,16.0,2800.0,4.2,2243.0,Moto G5 2/16GB Gold (PA610071UA)
622,113549.0,66.0,680.0,196.0,32.0,431,2,5.2,32.0,3000.0,5.0,3569.0,Moto G5s (XT1794) Lunar Gray (PA7W0024UA)
623,113549.0,66.0,680.0,196.0,32.0,434,2,5.2,32.0,3000.0,5.0,3569.0,Moto G5s (XT1794) Lunar Gray (PA7W0024UA)
630,96972.0,174.0,780.0,165.0,64.0,236,1,6.2,64.0,5000.0,4.2,5790.0,Moto G7 Power XT1955-4 4/64GB Ceramic Black
631,96972.0,174.0,780.0,165.0,64.0,722,10,6.4,64.0,4000.0,4.2,5084.0,Moto G8 4/64GB Blue (PAHL0004RS)
632,96972.0,174.0,780.0,165.0,64.0,720,10,6.4,64.0,4000.0,4.2,5084.0,Moto G8 4/64GB Blue (PAHL0004RS)
633,96972.0,174.0,780.0,165.0,64.0,528,9,6.4,64.0,4000.0,4.2,5105.0,Moto G8 4/64GB White (PAHL0010RS)
634,96972.0,174.0,780.0,165.0,64.0,539,9,6.4,64.0,4000.0,4.2,5105.0,Moto G8 4/64GB White (PAHL0010RS)
635,96972.0,174.0,780.0,165.0,64.0,1041,12,6.3,64.0,4000.0,4.2,5573.0,Moto G8 Plus XT2019-1 4/64GB Dual Sim Cosmic Blue (PAGE0015RS)
636,96972.0,174.0,780.0,165.0,64.0,1149,3,6.4,128.0,5000.0,4.2,5432.0,Moto G9 Power 4/128GB Gray (PALR0020RS)
640,72228.0,74.0,710.0,143.0,64.0,170,1,5.2,32.0,3000.0,5.0,5790.0,Moto X4 3/32GB Black (PA8X0004UA)
641,72228.0,74.0,710.0,143.0,64.0,174,1,5.5,32.0,2600.0,5.0,4990.0,Moto Z 32GB Black (SM4389AE7U1)
642,72228.0,74.0,710.0,143.0,128.0,210,1,5.5,32.0,2600.0,4.2,4990.0,Moto Z 32GB Black (SM4389AE7U1)
643,72228.0,74.0,710.0,143.0,128.0,223,1,5.5,32.0,2600.0,4.2,4990.0,Moto Z 32GB Black (SM4389AE7U1)
644,72228.0,74.0,710.0,143.0,128.0,196,4,5.5,32.0,2600.0,4.2,3796.0,Moto Z 32GB White/Gold (SM4389AD1U1)
645,72228.0,74.0,710.0,143.0,128.0,808,2,5.5,64.0,2730.0,4.2,7094.0,Moto Z2 Force 6/64GB Black (PA900007UA)
648,95738.0,47.0,610.0,179.0,128.0,322,2,5.5,64.0,3000.0,5.0,5244.0,Moto Z2 Play Lunar Grey (SM4482AC3K7)
649,106697.0,30.0,650.0,190.0,128.0,374,2,6.01,64.0,3000.0,5.0,6590.0,Moto Z3 Play 4/64GB Deep Indgo
650,106697.0,30.0,650.0,190.0,128.0,503,2,6.4,128.0,3600.0,5.0,11690.0,Moto Z4 4/128GB Flash Gray
651,100558.0,52.0,950.0,193.0,128.0,508,2,6.4,128.0,3600.0,5.3,11690.0,Moto Z4 4/128GB Flash Gray
652,100558.0,52.0,950.0,193.0,128.0,35,1,5.5,16.0,4500.0,5.3,2599.0,N1-550 Cruiser Dual Sim Black
656,88604.0,50.0,772.0,171.0,32.0,959,24,6.3,128.0,4400.0,4.2,4722.0,N20 Pro 6/128GB Green
657,100555.0,148.0,585.0,183.0,128.0,672,8,6.55,128.0,4500.0,5.0,3519.0,N30 4/128GB Dreamy Blue
658,108380.0,88.0,572.0,199.0,128.0,675,8,6.55,128.0,4500.0,5.0,3519.0,N30 4/128GB Dreamy Blue
659,108380.0,88.0,572.0,199.0,128.0,31,1,5.7,32.0,3000.0,5.0,5494.0,N920C Galaxy Note 5 32GB (Gold Platinum)
660,108380.0,88.0,572.0,199.0,128.0,463,2,1.77,0.032,800.0,5.0,652.0,Neon A1
661,108380.0,88.0,572.0,199.0,128.0,456,2,1.77,0.032,800.0,5.0,652.0,Neon A1
662,101839.0,48.0,650.0,181.0,32.0,340,1,5.3,32.0,3220.0,5.0,3895.0,Nexus 6 32GB (Cloud White)
663,101839.0,48.0,650.0,181.0,32.0,1096,25,6.44,256.0,4115.0,5.0,12985.0,Nord 12/256GB Gray Onyx
668,98599.0,64.0,1000.0,195.0,64.0,576,1,6.5,128.0,4200.0,4.2,4494.0,Note 20 Pro 8/128GB Black
669,98599.0,64.0,1000.0,195.0,64.0,28,17,6.1,32.0,3500.0,4.2,2999.0,Note 7P 3/32GB Twilight
670,92659.0,40.0,430.0,167.0,64.0,22,17,6.1,32.0,3500.0,5.0,2999.0,Note 7P 3/32GB Twilight
671,92659.0,40.0,430.0,167.0,64.0,312,33,5.5,16.0,2700.0,5.0,2125.0,Note 8P 2/16GB Black
672,89568.0,5.0,500.0,172.0,8.0,211,23,5.5,16.0,2700.0,4.0,2148.0,Note 8P 2/16GB Midnight Green
673,89568.0,5.0,500.0,172.0,8.0,175,23,5.5,16.0,2700.0,4.0,2148.0,Note 8P 2/16GB Midnight Green
674,89568.0,5.0,500.0,172.0,8.0,1167,34,6.2,64.0,4000.0,4.0,4430.0,Note 9 4/64GB Black
675,89568.0,5.0,500.0,172.0,8.0,81,3,6.4,128.0,3750.0,4.0,9372.0,Nova 4 8/128GB Black
676,89568.0,5.0,500.0,172.0,8.0,220,1,5.5,64.0,3200.0,4.0,8619.0,Nubia Z17 8/64GB Black
677,89568.0,5.0,500.0,172.0,8.0,187,1,5.5,64.0,3200.0,4.0,8619.0,Nubia Z17 8/64GB Black
678,89568.0,5.0,500.0,172.0,8.0,839,1,6.34,128.0,3500.0,4.0,4697.0,One Action 4/128GB XT2013-2 Blue
679,98518.0,14.0,600.0,177.0,32.0,855,1,6.34,128.0,3500.0,5.0,4697.0,One Action 4/128GB XT2013-2 White
681,118802.0,47.0,610.0,213.0,128.0,1148,15,6.5,128.0,5000.0,5.0,7071.0,One Fusion+ 6/128GB Blue (PAJW0006RS)
682,114981.0,7.0,550.0,193.0,32.0,531,3,6.5,128.0,4000.0,4.2,8261.0,One Hyper XT2027-1 4/128GB Deep Sea Blue
699,111171.0,24.0,520.0,167.0,64.0,711,1,6.1,128.0,3650.0,4.1,14906.0,P30 8/128GB Black
700,111171.0,24.0,520.0,167.0,64.0,856,3,6.15,128.0,3340.0,4.1,5821.0,P30 Lite 4/128GB Breathing Crystal
701,111171.0,24.0,520.0,167.0,64.0,1000,17,6.15,256.0,3340.0,4.1,6257.0,P30 Lite 6/256GB Peacock Blue
702,111171.0,24.0,520.0,167.0,64.0,1056,14,6.47,128.0,4200.0,4.1,16997.0,P30 Pro 6/128GB Black (51093TFT)
703,111171.0,24.0,520.0,167.0,64.0,1079,19,6.47,128.0,4200.0,4.1,16798.0,P30 Pro 8/128GB Aurora
704,111171.0,24.0,520.0,167.0,64.0,1089,1,6.47,256.0,4200.0,4.1,15560.0,P30 Pro 8/256GB Black (51093NFN)
705,111171.0,24.0,520.0,167.0,64.0,1057,18,6.47,256.0,4200.0,4.1,18484.0,P30 Pro NEW EDITION 8/256GB Silver Frost
716,117685.0,148.0,587.0,218.0,128.0,238,1,5.2,16.0,2680.0,5.1,3487.0,P8 Prestige Gold
717,117685.0,148.0,587.0,218.0,128.0,794,25,5.5,16.0,2400.0,5.1,1631.0,POP 2F B1F 1/16GB Midnight Black (4895180746659)
722,113740.0,47.0,610.0,219.0,128.0,895,9,5.0,64.0,2700.0,5.0,6667.0,Pixel 2 64GB Just Black
723,113740.0,47.0,610.0,219.0,128.0,1050,8,6.0,64.0,3520.0,5.0,12909.0,Pixel 2 XL 64GB Just Black
727,117350.0,66.0,680.0,210.0,64.0,588,2,5.0,32.0,2770.0,5.0,4729.0,Pixel 32GB (Quite Black)
729,110305.0,40.0,845.0,200.0,128.0,510,9,6.0,64.0,3700.0,5.0,11774.0,Pixel 3a XL 4/64GB Just Black
730,117741.0,154.0,675.0,215.0,256.0,1065,21,5.7,64.0,2800.0,5.0,17187.0,Pixel 4 6/64GB Just Black
731,111686.0,64.0,800.0,190.0,128.0,734,6,6.3,128.0,3700.0,4.2,25548.0,Pixel 4 XL 6/128GB Just Black
732,106975.0,57.0,950.0,185.0,64.0,1019,4,6.3,64.0,3700.0,4.2,19369.0,Pixel 4 XL 6/64GB Oh So Orange
754,145761.0,64.0,647.0,248.0,128.0,973,5,6.59,128.0,6000.0,5.0,18618.0,ROG Phone 3 Strix 12/128GB Black (90AI0031-M00010)
755,99554.0,40.0,845.0,183.0,128.0,1140,7,6.59,128.0,6000.0,5.0,18993.0,ROG Phone 3 ZS661KS 12/128GB Black (90AI0032-M00180)
756,99554.0,40.0,845.0,183.0,128.0,1002,5,6.59,256.0,6000.0,5.0,21964.0,ROG Phone 3 ZS661KS 12/256GB Black
757,99554.0,40.0,845.0,183.0,128.0,1088,11,6.59,512.0,6000.0,5.0,28384.0,ROG Phone 3 ZS661KS 12/512GB Black
758,99554.0,40.0,845.0,183.0,128.0,112,1,6.0,512.0,4000.0,5.0,17510.0,ROG Phone 8/512GB DualSim Black
759,99554.0,40.0,845.0,183.0,128.0,121,1,6.0,512.0,4000.0,5.0,17510.0,ROG Phone 8/512GB DualSim Black
762,111960.0,242.0,903.0,225.0,1024.0,966,7,6.53,128.0,5020.0,5.3,5761.0,Redmi 10x 4G 6/128GB Blue
763,111960.0,242.0,903.0,225.0,1024.0,580,2,5.0,16.0,4100.0,5.3,2358.0,Redmi 4x 2/16GB Black
764,111960.0,242.0,903.0,225.0,1024.0,597,2,5.0,16.0,4100.0,5.3,2358.0,Redmi 4x 2/16GB Gold
765,183521.0,48.0,650.0,265.0,64.0,1093,4,5.0,64.0,4100.0,5.0,2826.0,Redmi 4x 4/64GB Black
766,183521.0,48.0,650.0,265.0,64.0,850,4,5.0,64.0,4100.0,5.0,2826.0,Redmi 4x 4/64GB Gold
767,183521.0,48.0,650.0,265.0,64.0,636,1,5.7,32.0,3300.0,5.0,2950.0,Redmi 5 3/32GB Black
768,183521.0,48.0,650.0,265.0,64.0,743,4,5.7,32.0,3300.0,5.0,3882.0,Redmi 5 3/32GB Gold
769,183521.0,48.0,650.0,265.0,64.0,608,2,5.9,64.0,4000.0,5.0,3463.0,Redmi 5 Plus 4/64GB Black
770,183521.0,48.0,650.0,265.0,64.0,859,4,5.9,64.0,4000.0,5.0,4265.0,Redmi 5 Plus 4/64GB Gold
771,183521.0,48.0,650.0,265.0,64.0,715,2,5.0,16.0,3080.0,5.0,2420.0,Redmi 5A 2/16GB Gold
772,183521.0,48.0,650.0,265.0,64.0,141,2,5.0,32.0,3080.0,5.0,2400.0,Redmi 5A 3/32GB Gold
773,183521.0,48.0,650.0,265.0,64.0,358,3,5.0,32.0,3080.0,5.0,2749.0,Redmi 5A 3/32GB Gray
774,183521.0,48.0,650.0,265.0,64.0,366,3,5.0,32.0,3080.0,5.0,2749.0,Redmi 5A 3/32GB Gray
775,183521.0,48.0,650.0,265.0,64.0,878,5,5.45,32.0,3000.0,5.0,2794.0,Redmi 6 3/32GB Black
776,183521.0,48.0,650.0,265.0,64.0,758,5,5.45,32.0,3000.0,5.0,2794.0,Redmi 6 3/32GB Gold
777,183521.0,48.0,650.0,265.0,64.0,667,1,5.45,64.0,3000.0,5.0,3054.0,Redmi 6 3/64GB Black
778,183521.0,48.0,650.0,265.0,64.0,343,2,5.45,64.0,3000.0,5.0,3193.0,Redmi 6 3/64GB Gold
779,183521.0,48.0,650.0,265.0,64.0,362,2,5.45,64.0,3000.0,5.0,3193.0,Redmi 6 3/64GB Gold
780,183521.0,48.0,650.0,265.0,64.0,760,5,5.45,64.0,3000.0,5.0,3480.0,Redmi 6 4/64GB Black
781,183521.0,48.0,650.0,265.0,64.0,657,2,5.84,32.0,4000.0,5.0,3317.0,Redmi 6 Pro 3/32GB Black
782,183521.0,48.0,650.0,265.0,64.0,733,3,5.84,64.0,4000.0,5.0,3627.0,Redmi 6 Pro 4/64GB Black
783,183521.0,48.0,650.0,265.0,64.0,176,4,6.26,64.0,4000.0,5.0,3671.0,Redmi 7 4/64GB Blue
784,183521.0,48.0,650.0,265.0,64.0,212,4,6.26,64.0,4000.0,5.0,3671.0,Redmi 7 4/64GB Blue
800,129837.0,5.0,450.0,180.0,16.0,976,8,6.53,64.0,5020.0,4.0,4316.0,Redmi 9 4/64Gb Pink (no NFC)
801,110737.0,64.0,800.0,186.0,128.0,1015,13,6.53,128.0,5020.0,4.2,5179.0,Redmi 9 6/128GB Grey (no NFC)
802,110737.0,64.0,800.0,186.0,128.0,1142,62,6.53,32.0,5000.0,4.2,3163.0,Redmi 9A 2/32GB Granite Gray
803,109169.0,64.0,800.0,200.0,128.0,934,36,6.53,32.0,5000.0,4.2,3490.0,Redmi 9C 2/32GB Midnight Gray
804,109169.0,64.0,800.0,200.0,128.0,1123,10,6.53,64.0,5000.0,4.2,3778.0,Redmi 9C 3/64GB Midnight Gray
805,97597.0,64.0,647.0,183.0,128.0,863,29,6.53,32.0,5000.0,5.0,3484.0,Redmi 9C NFC 2/32GB Midnight Gray
806,110279.0,43.0,600.0,180.0,64.0,796,3,6.53,64.0,5000.0,4.2,4256.0,Redmi 9C NFC 3/64GB Midnight Gray
807,110279.0,70.0,1000.0,180.0,64.0,1107,10,6.53,128.0,6000.0,4.2,6064.0,Redmi 9T 4/128GB Twilight Blue
808,114379.0,48.0,650.0,194.0,32.0,544,2,6.53,64.0,6000.0,5.0,5495.0,Redmi 9T 4/64GB Sunrise Orange
820,107878.0,64.0,800.0,175.0,128.0,717,4,5.9,32.0,4000.0,5.0,3671.0,Redmi Note 5 3/32GB Gold
821,107878.0,64.0,800.0,175.0,128.0,347,4,5.9,32.0,4000.0,5.0,3595.0,Redmi Note 5 3/32GB Rose Gold
822,119551.0,5.0,550.0,195.0,32.0,1120,5,5.99,64.0,4000.0,4.0,3451.0,Redmi Note 5 4/64GB Gold
823,95020.0,6.0,600.0,165.0,16.0,514,1,6.26,32.0,4000.0,4.1,3599.0,Redmi Note 6 Pro 3/32GB Blue
824,95020.0,6.0,600.0,165.0,16.0,420,2,6.26,64.0,4000.0,4.1,5010.0,Redmi Note 6 Pro 4/64GB Blue
825,95020.0,6.0,600.0,165.0,16.0,392,2,6.26,64.0,4000.0,4.1,5010.0,Redmi Note 6 Pro 4/64GB Rose Gold
826,95020.0,6.0,600.0,165.0,16.0,1068,3,6.3,64.0,4000.0,4.1,4323.0,Redmi Note 7 4/64GB Black
827,181324.0,6.0,570.0,252.0,16.0,971,2,6.3,32.0,4000.0,4.0,4304.0,Redmi Note 8 3/32GB Blue
828,181324.0,6.0,570.0,254.0,32.0,912,8,6.3,128.0,4000.0,4.2,5261.0,Redmi Note 8 4/128GB Black
829,111513.0,43.0,1000.0,199.0,128.0,1171,11,6.3,64.0,4000.0,5.0,4888.0,Redmi Note 8 4/64GB Blue
830,111513.0,43.0,1000.0,199.0,128.0,967,7,6.3,128.0,4000.0,5.0,5514.0,Redmi Note 8 6/128GB Blue
845,115039.0,43.0,600.0,190.0,128.0,1137,16,6.67,128.0,5020.0,5.0,6576.0,Redmi Note 9S 6/128GB Grey
846,115039.0,43.0,600.0,190.0,128.0,763,6,6.53,128.0,5000.0,5.0,8442.0,Redmi Note 9T 4/128GB Nightfall Black
847,169593.0,5.0,500.0,235.0,32.0,958,10,6.53,64.0,5000.0,4.0,7682.0,Redmi Note 9T 4/64GB Daybreak Purple
848,169593.0,43.0,600.0,235.0,64.0,991,57,6.43,128.0,4025.0,5.0,10221.0,Reno 4 Lite 8/128GB Magic Blue
849,169593.0,43.0,600.0,235.0,64.0,1020,54,6.5,256.0,4000.0,5.0,15361.0,Reno 4 Pro 8/256GB Starry Night
853,169679.0,43.0,600.0,275.0,128.0,349,9,6.57,128.0,4000.0,5.0,10974.0,Reno4 Z 5G 8/128GB Black
855,114830.0,66.0,680.0,203.0,128.0,34,3,5.5,8.0,3000.0,5.0,1697.0,S1 1/8GB Black
856,114830.0,66.0,680.0,203.0,128.0,84,3,5.5,8.0,3000.0,5.0,1697.0,S1 1/8GB Black
857,177592.0,5.0,450.0,275.0,16.0,58,2,5.5,64.0,3500.0,4.0,3032.0,S1 Black
863,112647.0,5.0,550.0,150.0,16.0,643,1,5.45,8.0,2000.0,4.2,1499.0,S260 Black
864,112647.0,5.0,550.0,150.0,16.0,591,12,4.7,16.0,4000.0,4.2,6718.0,S31 Black
866,131379.0,148.0,587.0,240.0,256.0,288,17,5.5,16.0,4650.0,5.1,2707.0,S40 Lite 2/16GB Black
867,131379.0,161.0,670.0,240.0,512.0,300,17,5.5,16.0,4650.0,5.1,2707.0,S40 Lite 2/16GB Black
868,131379.0,161.0,670.0,240.0,512.0,324,17,5.5,16.0,4650.0,5.1,2707.0,S40 Lite 2/16GB Black
869,131379.0,161.0,670.0,240.0,512.0,552,10,5.45,64.0,4650.0,5.1,3590.0,S40 Pro 4/64GB Black
870,168520.0,43.0,600.0,261.0,64.0,557,10,5.45,64.0,4650.0,5.0,3590.0,S40 Pro 4/64GB Black
871,168520.0,43.0,600.0,261.0,64.0,631,12,5.5,32.0,4200.0,5.0,9148.0,S42 Dual Black
872,94791.0,13.0,624.0,173.0,64.0,498,2,5.7,64.0,3000.0,4.2,3245.0,S5 4/64GB Pink
873,94791.0,13.0,624.0,173.0,64.0,727,2,6.2,64.0,3500.0,4.2,4183.0,S5 Pro 6/64GB Black
874,128638.0,47.0,700.0,223.0,128.0,432,1,6.2,64.0,3500.0,5.0,3849.0,S5 Pro 6/64Gb Blue
875,125684.0,57.0,625.0,215.0,256.0,586,5,6.2,64.0,3500.0,5.0,3957.0,S5 Pro 6/64Gb Gold
876,103204.0,28.0,550.0,150.0,16.0,784,39,5.65,64.0,3100.0,4.1,13259.0,S52
877,159753.0,43.0,600.0,230.0,32.0,647,8,5.5,64.0,5500.0,5.0,3527.0,S55 4/64GB Black
878,159753.0,67.0,900.0,230.0,128.0,862,17,5.45,32.0,4000.0,4.2,2872.0,S561 3/32GB Black
887,117825.0,5.0,500.0,202.0,8.0,476,6,6.18,128.0,5050.0,4.0,5612.0,S90C 4/128GB Black
888,174006.0,52.0,900.0,264.0,128.0,89,1,6.18,64.0,5050.0,5.0,5299.0,S90C 4/64GB Black
889,174006.0,52.0,900.0,264.0,128.0,39,1,6.18,64.0,5050.0,5.0,5299.0,S90C 4/64GB Black
890,174006.0,52.0,900.0,264.0,128.0,98,1,6.18,64.0,5050.0,5.0,5299.0,S90C 4/64GB Black
904,190908.0,6.0,570.0,253.0,16.0,292,1,1.77,0.032,600.0,4.1,249.0,Simple F200n Black
906,170424.0,8.0,660.0,227.0,32.0,593,2,5.5,16.0,2960.0,5.0,2142.0,Smart Ultra Dark Gray
907,172791.0,7.0,550.0,234.0,32.0,57,3,6.52,32.0,4000.0,5.0,2999.0,Spark 4 KC2 3/32GB Royal Purple
908,172791.0,7.0,550.0,234.0,32.0,656,6,6.52,32.0,4000.0,5.0,2321.0,Spark 4 Lite 2/32GB Midnight Black (4895180754593)
909,150593.0,5.0,598.0,213.0,16.0,1058,49,6.6,128.0,5000.0,4.1,3762.0,Spark 5 Pro KD7 4/128GB DS Spark Orange
910,150593.0,36.0,450.0,213.0,32.0,1074,51,6.6,64.0,5000.0,4.1,3583.0,Spark 5 Pro KD7 4/64GB DS Spark Orange
911,174759.0,43.0,600.0,256.0,64.0,837,38,6.52,32.0,5000.0,5.0,2769.0,Spark 6 Go KE5 2/32GB Aqua Blue (4895180762383)
912,130326.0,43.0,600.0,225.0,64.0,799,34,6.52,64.0,5000.0,5.0,3193.0,Spark 6 Go KE5j 3/64GB Aqua Blue (4895180762918)
913,163297.0,70.0,1000.0,243.0,64.0,1005,45,6.8,128.0,5000.0,4.1,4129.0,Spark 6 KE7 4/128GB Comet Black (4895180762079)
914,163297.0,70.0,1000.0,243.0,64.0,983,44,6.8,64.0,5000.0,4.1,3750.0,Spark 6 KE7 4/64GB Ocean Blue (4895180762024)
915,183849.0,52.0,900.0,285.0,128.0,501,5,8.1,256.0,3577.0,5.0,44232.0,Surface Duo 6GB/256GB (TGM-00001)
916,183849.0,52.0,900.0,285.0,128.0,86,2,2.4,0.032,2100.0,5.0,1048.0,T1 Yellow
917,177111.0,5.0,500.0,238.0,16.0,36,2,2.4,0.032,2100.0,4.0,1048.0,T1 Yellow
918,177111.0,5.0,500.0,238.0,16.0,649,1,5.5,16.0,4080.0,4.0,1949.0,T3 Pro 3/16GB Black
919,177111.0,5.0,500.0,238.0,16.0,648,1,5.5,16.0,4080.0,4.0,1949.0,T3 Pro 3/16GB Black
926,182218.0,5.0,500.0,236.0,16.0,20,1,5.5,64.0,3000.0,4.0,5899.0,U11 4/64GB White
927,182218.0,5.0,500.0,236.0,16.0,579,10,6.8,256.0,5000.0,4.0,19649.0,U20 5G 8/256GB White
928,182218.0,5.0,500.0,236.0,16.0,372,3,6.53,256.0,3500.0,4.0,6615.0,U3H 8/256GB Black
929,267177.0,66.0,680.0,408.0,64.0,354,3,6.53,256.0,3500.0,5.0,6615.0,U3H 8/256GB Black
930,194445.0,24.0,650.0,275.0,64.0,231,1,5.9,128.0,3750.0,4.1,6980.0,V10 6/128GB Dual Beach Gold
931,209670.0,48.0,650.0,284.0,64.0,19,2,1.8,0.032,600.0,5.0,249.0,V182 Black
932,205902.0,24.0,650.0,287.0,32.0,894,26,6.44,128.0,4000.0,4.0,11632.0,V20 8/128GB Midnight Jazz
933,205902.0,24.0,650.0,287.0,32.0,935,9,6.44,128.0,4000.0,4.0,11360.0,V20 8/128GB Sunset Melody
934,182028.0,52.0,900.0,290.0,128.0,684,9,6.44,128.0,4100.0,5.0,8762.0,V20 SE 8/128GB Gravity Black
935,182028.0,52.0,900.0,290.0,128.0,5,14,2.4,0.032,1000.0,5.0,326.0,V241 (Black)
936,201997.0,67.0,900.0,322.0,128.0,264,20,2.8,0.032,1450.0,4.1,400.0,V281 Black
937,201997.0,67.0,900.0,322.0,128.0,276,20,2.8,0.032,1450.0,4.1,400.0,V281 Black
938,201997.0,67.0,900.0,322.0,128.0,919,2,6.4,128.0,3300.0,4.1,6874.0,V40 ThinQ 4/64GB Aurora Black
942,222546.0,67.0,900.0,283.0,128.0,363,2,5.7,64.0,4000.0,4.1,6186.0,V9 6/64GB Red
943,222546.0,67.0,900.0,283.0,128.0,779,7,6.8,128.0,4300.0,4.1,15525.0,Velvet 5G LM-G900EM 6/128GB Aurora Gray
944,170391.0,67.0,900.0,268.0,128.0,9,2,5.5,64.0,5000.0,4.2,3404.0,WP1 4/64GB Black
945,170391.0,67.0,900.0,268.0,128.0,681,7,6.0,64.0,10000.0,4.2,4449.0,WP2 4/64GB Black
946,170391.0,67.0,900.0,268.0,128.0,33,3,6.0,64.0,10000.0,4.2,4433.0,WP2 4/64GB Gold
947,170391.0,67.0,900.0,268.0,128.0,728,3,5.5,32.0,8000.0,4.2,3149.0,WP5 3/32GB Black
948,170391.0,67.0,900.0,268.0,128.0,969,14,5.5,64.0,8000.0,4.2,3813.0,WP5 Pro 4/64GB Black
949,200793.0,70.0,1000.0,284.0,64.0,1085,13,6.3,128.0,10000.0,4.2,5231.0,WP6 4/128GB Black
950,210703.0,49.0,700.0,310.0,128.0,939,16,6.3,128.0,10000.0,5.0,6628.0,WP6 6/128GB Black
951,210703.0,49.0,700.0,310.0,128.0,932,21,6.53,128.0,8000.0,5.0,9981.0,WP7 8/128GB Black
952,210703.0,49.0,700.0,310.0,128.0,820,11,6.49,64.0,5000.0,5.0,4897.0,WP8 Pro 4/64GB Black
958,252393.0,67.0,900.0,365.0,64.0,459,6,2.4,0.032,2500.0,4.2,950.0,X-TREME IO93
959,252393.0,67.0,900.0,365.0,64.0,723,37,5.5,128.0,9000.0,4.2,9323.0,X-TREME PQ39 ULTRA Black
960,252393.0,60.0,770.0,365.0,128.0,485,23,5.5,128.0,9000.0,4.1,9348.0,X-TREME PQ39 ULTRA Black-Green
961,203682.0,64.0,800.0,282.0,128.0,903,27,5.7,64.0,6500.0,4.2,6883.0,X-TREME PQ54 MAX
977,274362.0,67.0,900.0,372.0,128.0,832,42,2.4,4.0,2000.0,4.2,1036.0,X-style S3500 sKai Black
980,231090.0,66.0,680.0,330.0,128.0,136,3,2.4,0.0032,4500.0,4.0,2066.0,X-treme DZ68 Black
985,186710.0,8.0,660.0,315.0,16.0,360,39,5.0,8.0,5000.0,5.0,2546.0,X-treme PQ20 Black Orange
986,110592.0,9.0,450.0,205.0,32.0,368,39,5.0,8.0,5000.0,4.0,2546.0,X-treme PQ20 Black Orange
